Tag initial;Nom commercial;Famille;Composition;Normalized Composition;stoich_entropy;avg_radius;std_radius;max_r_ratio;min_r_ratio;delta;avg_eneg;std_eneg;range_eneg;avg_weight;std_weight;unique_elements;avg_Z;std_Z;avg_VEC;std_VEC;avg_d;std_d;frac_d;avg_s;avg_p;avg_f;std_s;std_p;std_f;avg_d_shell_n;std_d_shell_n;avg_group;std_group;avg_period;std_period;avg_mendeleev_no;std_mendeleev_no;avg_en_allen;std_en_allen;avg_IE1;std_IE1;avg_EA;std_EA;avg_melting_point;std_melting_point;DeltaH_mix;d_virt;Formation Enthalpy (eV/atom);Decomposition Energy Per Atom MP (eV/atom);Melting Point (K);Shear Modulus (GPa);Bulk Modulus (GPa);Density;Creep (LMP);Log_10(K_A);G/B ratio;Omega;g1;g2;g3;g4;g5;g6;g7;g8;g9;g10;SR
Cast Alloy 625_0;InconelÃ‚Â 625;Ni-based;Al0.00438C0.00983Cr0.24527Fe0.02114Mn0.00064Mo0.05353Nb0.02478Ni0.63374Si0.00420Ti0.00247;Al0.00438C0.00983Cr0.24527Fe0.02114Mn0.00064Mo0.05353Nb0.02478Ni0.63376Si0.0042Ti0.00247;1.08;136.0;7.57;1.06;0.513;0.0555;1.86;0.152;1.01;59.1;12.0;10.0;27.7;5.03;8.51;2.02;7.58;2.63;0.891;7.78;12.3;0.0;0.682;1.97;0.0;3.02;0.274;8.69;2.03;4.05;0.352;61.9;8.22;10.6;0.939;7.41;0.56;0.982;0.257;1910.0;336.0;-0.067;38.7;-0.20201531;-0.008441905;1638.4774;100.754135;209.22131;8.545151;30.234892;0.62302744;0.48156726;0.75507003;0.76955765;0.55744416;0.41377443;0.0812972938789568;0.8866043544213023;0.66470385;0.23635148;0.15127319;0.2302629962698383;0.22338381;8.72149726944975
Cast Alloy 718_0;InconelÃ‚Â 718;Ni-based;Al0.01283B0.00032C0.00240Cr0.21088Fe0.19117Mn0.00210Mo0.01804Nb0.03230Ni0.51620Si0.00411Ti0.00964;Al0.01283B0.00032C0.0024Cr0.21088Fe0.19117Mn0.0021Mo0.01804Nb0.0323Ni0.51621Si0.00411Ti0.00964;1.32;137.0;5.05;1.06;0.51;0.0368;1.83;0.126;1.01;57.7;9.84;11.0;27.1;4.2;8.35;1.93;7.08;2.34;0.849;7.79;12.2;0.0;0.575;1.56;0.0;2.99;0.226;8.54;1.92;4.03;0.278;61.3;7.8;10.6;0.801;7.45;0.492;0.824;0.398;1880.0;295.0;-0.322;37.2;-0.24430384;-0.0056630448;1663.9651;87.5614;193.97786;8.2485285;30.467087;1.1454207;0.45139894;0.7749883;0.7763489;0.5678968;0.43794423;0.162320734911651;0.7646017092633773;0.72829926;0.09345381;0.16450839;0.5137238611465352;0.091884315;8.72149726944975
Inconel 700_D70_0;InconelÃ‚Â 700;Ni-based;Al0.06227C0.00560Co0.27083Cr0.15402Fe0.00702Mo0.02276Ni0.44826Ti0.02925;Al0.06227C0.0056Co0.27083Cr0.15402Fe0.00702Mo0.02276Ni0.44825Ti0.02925;1.43;135.0;6.07;1.07;0.518;0.0449;1.84;0.137;1.01;56.0;10.5;8.0;26.2;4.66;8.36;2.18;6.69;2.55;0.8;7.72;11.8;0.0;0.662;1.7;0.0;2.82;0.248;9.04;1.98;3.95;0.324;63.4;8.33;10.6;0.827;7.45;0.607;0.855;0.299;1780.0;316.0;-0.109;37.6;-0.26507434;-0.006019838;1590.8124;98.37338;191.87643;8.297255;29.978912;0.8351467;0.5126913;0.7397663;0.761905;0.53776646;0.4339504;0.1559624687045185;0.979647731065278;0.5922047;0.054477736;0.14170887;0.6683583030882436;0.15838505;6.715842291047275
Inconel 738lc_H88_0;InconelÃ‚Â 738Ã‚Â LC;Ni-based;Al0.07191Co0.08230Cr0.17669Mo0.01071Nb0.00553Ni0.59890Ta0.00536Ti0.04053W0.00807;Al0.07191Co0.0823Cr0.17669Mo0.01071Nb0.00553Ni0.5989Ta0.00536Ti0.04053W0.00807;1.28;136.0;3.8;1.07;0.922;0.028;1.82;0.135;0.66;57.1;17.6;9.0;26.7;7.06;8.52;2.69;6.89;3.24;0.808;7.75;11.9;0.188;0.795;2.08;1.61;2.83;0.335;9.05;2.17;3.97;0.376;63.5;9.02;10.6;0.865;7.34;0.532;0.92;0.313;1810.0;377.0;-0.289;38.0;-0.34390354;-0.009817921;1698.7186;97.69371;197.28992;8.261697;31.050888;1.2080781;0.49517843;0.545007;0.7927882;0.5820508;0.43686408;0.07757184495931;0.4249141818290083;0.6337216;0.0042476067;0.058692105;0.4592932569976525;0.081948966;10.402248784022294
Inconel X-750_D70_0;InconelÃ‚Â X?750;Ni-based;Al0.01680C0.00189Cr0.15915Fe0.06597Nb0.00488Ni0.72290Ti0.02842;Al0.0168C0.00189Cr0.15915Fe0.06597Nb0.00488Ni0.72289Ti0.02842;0.914;136.0;3.93;1.07;0.515;0.0289;1.85;0.115;1.01;56.7;5.8;7.0;26.8;2.83;8.91;1.91;7.1;1.81;0.797;7.8;11.9;0.0;0.473;0.883;0.0;2.95;0.0892;9.09;1.82;3.98;0.17;63.4;7.41;10.8;0.731;7.47;0.436;0.968;0.334;1800.0;211.0;-0.27;37.4;-0.17964551;-0.015270383;1638.2161;91.15839;189.68816;8.25711;30.765917;1.4501953;0.48056972;0.71846944;0.7848774;0.5573367;0.4372403;0.0088729176531678;0.4581433908687111;0.66692346;0.35192886;0.12924477;0.1100546651103346;0.052134253;7.413551878819479
IN 100_D70_0;IN?100;Ni-based;Al0.11202C0.00854Co0.13738Cr0.10173Mo0.01744Ni0.54909Ti0.06427V0.00954;Al0.11202C0.00854Co0.13738Cr0.10173Mo0.01744Ni0.54908Ti0.06427V0.00954;1.41;134.0;7.26;1.08;0.521;0.0541;1.83;0.156;1.01;54.0;12.1;8.0;25.4;5.5;8.12;2.62;6.28;3.04;0.774;7.66;11.5;0.0;0.766;2.0;0.0;2.66;0.366;9.32;2.3;3.89;0.389;64.7;9.81;10.6;0.996;7.36;0.693;0.876;0.346;1710.0;347.0;-0.254;37.0;-0.3487391;-0.005418984;1587.2467;94.109695;181.8428;7.928423;30.08292;0.94527537;0.51753324;0.55318475;0.7650353;0.53628886;0.46435863;0.3609541069296488;0.9234698514260914;0.5804614;0.0035392505;0.06099229;0.6402598535135581;0.13118169;7.45978930001596
Waspalloy_D70_0;Waspaloy;Ni-based;Al0.02951C0.00237Co0.12545Cr0.20343Mo0.02489Ni0.57990Ti0.03445;Al0.02951C0.00237Co0.12545Cr0.20343Mo0.02489Ni0.5799Ti0.03445;1.23;136.0;4.52;1.07;0.515;0.0332;1.84;0.134;1.01;56.9;8.9;7.0;26.7;3.95;8.53;2.1;6.98;2.33;0.818;7.75;12.0;0.0;0.569;1.37;0.0;2.93;0.182;8.85;2.0;3.99;0.253;62.5;8.2;10.6;0.827;7.41;0.502;0.926;0.293;1830.0;289.0;-0.333;37.6;-0.26322556;-0.0013931431;1653.5115;98.41069;193.58519;8.332429;30.4031;0.6887894;0.5083586;0.6660266;0.7744917;0.56361645;0.4310726;0.073984973504979;0.6258319795257067;0.60262483;0.057286847;0.102489255;0.3944372285129094;0.20139812;6.254581893462544
Alloy 713C_D70_0;AlloyÃ‚Â 713Ã‚Â C;Ni-based;Al0.13719C0.00725Cr0.13191Mo0.02667Nb0.01230Ni0.67558Ti0.00910;Al0.13719C0.00725Cr0.13191Mo0.02667Nb0.0123Ni0.67558Ti0.0091;1.03;134.0;7.16;1.08;0.521;0.0533;1.84;0.151;1.01;54.4;13.9;7.0;25.7;6.24;8.25;2.66;6.65;3.27;0.807;7.6;11.5;0.0;0.824;2.3;0.0;2.61;0.45;9.69;2.1;3.89;0.439;66.2;9.09;10.6;0.888;7.29;0.688;0.969;0.29;1710.0;404.0;0.185;37.4;-0.3182116;-0.005851852;1607.2104;96.07622;182.37425;8.106082;29.980244;-0.83329874;0.526808;0.44843683;0.76194525;0.54455256;0.4496643;0.2363406252779401;0.941667222126162;0.5577215;0.010648534;0.03704705;0.1872839200786505;0.8411217;7.34004660381626
Alloy 713LC (07)_M68_0;AlloyÃ‚Â 713Ã‚Â LC;Ni-based;Al0.12022B0.00046C0.00275Cr0.13027Fe0.00197Mo0.02556Nb0.01260Ni0.69693Si0.00098Ti0.00827;Al0.12022B0.00046C0.00275Cr0.13027Fe0.00197Mo0.02556Nb0.0126Ni0.69692Si0.00098Ti0.00827;0.999;135.0;5.71;1.08;0.52;0.0424;1.84;0.14;1.01;55.1;13.2;10.0;26.1;5.88;8.39;2.56;6.81;3.12;0.812;7.65;11.6;0.0;0.764;2.14;0.0;2.66;0.403;9.64;2.03;3.91;0.405;66.0;8.73;10.7;0.824;7.31;0.614;0.981;0.284;1730.0;389.0;0.185;37.5;-0.28165162;-0.007159883;1591.5453;93.315;182.96466;8.257355;29.904207;-0.91874987;0.51001656;0.4866083;0.75963897;0.53807;0.4372202;0.1379833316185805;0.9351016345423708;0.5986479;0.03403487;0.044490945;0.1636467554151883;0.8626528;8.118241765854531
B-1900_D70_0;B?1900;Ni-based;Al0.12432C0.00426Co0.09454Cr0.08638Mo0.03377Ni0.63070Ta0.01414Ti0.01188;Al0.12432C0.00426Co0.09454Cr0.08638Mo0.03377Ni0.63071Ta0.01414Ti0.01188;1.23;134.0;6.11;1.08;0.521;0.0455;1.85;0.144;1.05;56.9;19.9;8.0;26.6;8.08;8.59;2.8;6.99;3.65;0.815;7.74;11.7;0.198;0.918;2.59;1.65;2.68;0.471;9.67;1.97;3.93;0.476;66.1;8.46;10.6;0.87;7.37;0.641;0.939;0.302;1730.0;421.0;0.0756;38.9;-0.3031196;-0.008302499;1689.0974;97.33107;182.08191;8.396957;29.952135;-0.9884115;0.53454554;0.5908171;0.76109445;0.57814485;0.42580542;0.055184704010624;0.9867160821086316;0.5385595;0.017563932;0.07270142;0.3944372285129094;0.8783421;7.17165605832699
B-1900+Hf A_J86_0;B?1900Ã‚Â +Ã‚Â Hf;Ni-based;Al0.12679C0.00510Co0.09629Cr0.08769Hf0.00480Mo0.03630Ni0.62495Ti0.01790Zr0.00018;Al0.12679C0.0051Co0.09629Cr0.08769Hf0.0048Mo0.0363Ni0.62495Ti0.0179Zr0.00018;1.24;134.0;6.49;1.15;0.521;0.0483;1.85;0.148;1.25;55.6;16.0;9.0;26.2;6.79;8.42;2.63;6.8;3.35;0.808;7.69;11.6;0.0672;0.835;2.35;0.968;2.65;0.44;9.67;2.0;3.91;0.441;66.1;8.64;10.6;0.889;7.36;0.657;0.935;0.308;1710.0;389.0;0.078;38.1;-0.3022421;-0.0056556202;1614.9761;96.218475;177.94794;8.270689;30.088827;-0.837699;0.5407114;0.5711367;0.76521224;0.54776067;0.43612683;0.1216005358186717;0.9998074482279724;0.52320486;0.018066244;0.06634018;0.4070732481604469;0.84229416;5.443834382785487
Mar-M 200_D70_0;MAR?MÃ‚Â 200;Ni-based;Al0.09921C0.00792Co0.09589Cr0.10182Nb0.00704Ni0.62471Ti0.02361W0.03980;Al0.09921C0.00792Co0.09589Cr0.10182Nb0.00704Ni0.62471Ti0.02361W0.0398;1.27;134.0;6.82;1.08;0.522;0.0509;1.84;0.138;1.01;59.5;27.5;8.0;27.6;10.7;8.98;3.29;7.28;4.32;0.811;7.83;11.9;0.557;1.11;3.04;2.74;2.77;0.506;9.49;2.04;3.97;0.544;65.4;8.63;10.7;0.917;7.42;0.659;0.947;0.298;1780.0;491.0;0.0876;40.9;-0.27349073;-0.007316841;1684.3384;99.67836;191.62506;8.71607;30.199226;-0.019642757;0.5201739;0.6742139;0.7685018;0.5762091;0.40002602;0.0056064149423888;0.9821663106354624;0.57401735;0.043093238;0.10631656;0.4460051413465571;0.5098201;9.744452102762533
MAR-M 246_0;MAR?MÃ‚Â 246;Ni-based;Al0.11967B0.00081C0.00733Co0.09962Cr0.10162Mo0.01530Ni0.60014Ta0.00487Ti0.01840W0.03193Zr0.00032;Al0.11967B0.00081C0.00733Co0.09962Cr0.10162Mo0.0153Ni0.60013Ta0.00487Ti0.0184W0.03193Zr0.00032;1.34;134.0;7.02;1.16;0.522;0.0524;1.84;0.145;1.22;58.8;27.2;11.0;27.3;10.6;8.8;3.31;7.15;4.38;0.813;7.79;11.9;0.515;1.13;3.11;2.64;2.71;0.539;9.56;2.07;3.95;0.559;65.7;8.83;10.6;0.92;7.39;0.68;0.929;0.303;1760.0;501.0;0.258;40.5;-0.27138388;-0.0071722474;1607.2607;97.376564;182.95175;8.717038;30.373238;-0.34142566;0.5322527;0.68409175;0.77362126;0.54457337;0.3999486;0.0174866042543364;0.9594222353363204;0.5442521;0.045736715;0.11110125;0.5415429207651392;0.66437477;7.407282394276796
PWA 1480_M94_0;PWAÃ‚Â 1480;Ni-based;Al0.11000Co0.05100Cr0.11500Ni0.65100Ta0.04000Ti0.01900W0.01400;Al0.11Co0.051Cr0.115Ni0.651Ta0.04Ti0.019W0.014;1.19;135.0;4.28;1.07;0.926;0.0317;1.82;0.138;0.41;60.9;30.5;7.0;28.2;11.7;9.11;3.44;7.43;4.59;0.816;7.88;12.1;0.756;1.19;3.24;3.16;2.78;0.555;9.45;2.12;4.0;0.571;65.2;8.86;10.6;0.915;7.35;0.569;0.936;0.317;1790.0;491.0;-0.163;41.1;-0.32979488;-0.005628934;1725.0312;92.09864;197.94;8.721107;31.274223;0.49867675;0.46528563;0.53654647;0.7988363;0.5926792;0.39962316;0.0022588324969536;0.5663806166517374;0.6999676;0.007110212;0.056398164;0.3458104346684249;0.26946208;8.05735276510363
PWA 1484_S08_0;PWAÃ‚Â 1484;Ni-based;Al0.12942Co0.10581Cr0.05996Hf0.00035Mo0.01300Ni0.63004Re0.01005Ta0.03102W0.02035;Al0.12942Co0.10581Cr0.05996Hf0.00035Mo0.013Ni0.63004Re0.01005Ta0.03102W0.02035;1.25;134.0;4.32;1.15;0.93;0.0321;1.84;0.132;0.86;62.4;33.0;9.0;28.7;12.7;9.29;3.59;7.74;4.97;0.833;7.94;12.2;0.865;1.26;3.55;3.37;2.75;0.62;9.72;1.89;4.01;0.624;66.4;8.0;10.6;0.856;7.4;0.593;0.932;0.307;1780.0;542.0;0.0726;42.6;-0.29487884;-0.009922383;1764.301;102.17558;188.73936;8.818183;31.71728;-0.42991892;0.5413581;0.6446832;0.8104412;0.6083786;0.39188534;0.0005683405079457;0.5822065438821701;0.5215913;0.022800308;0.09308091;0.4198857265546336;0.7026268;6.718703103150348
Rene 41_D70_0;ReneÃ‚Â 41;Ni-based;Al0.03216C0.00434Co0.10504Cr0.21140Mo0.05849Ni0.55110Ti0.03747;Al0.03216C0.00434Co0.10504Cr0.2114Mo0.05849Ni0.5511Ti0.03747;1.32;136.0;5.67;1.06;0.514;0.0416;1.85;0.151;1.01;57.9;11.7;7.0;27.1;4.98;8.34;2.18;7.15;2.8;0.858;7.77;12.1;0.0;0.643;1.82;0.0;2.95;0.259;8.7;2.11;4.02;0.328;62.0;8.63;10.5;0.924;7.38;0.536;0.914;0.296;1870.0;350.0;-0.334;38.0;-0.23402442;-0.005503487;1594.2489;96.29472;208.36914;8.424173;30.192238;0.8274526;0.46213526;0.7751329;0.7682946;0.5391898;0.42358884;0.1688648545726814;0.9160897956849698;0.7065419;0.11959343;0.16460781;0.5137238611465352;0.16044709;6.254581893462544
RENE 77_0;ReneÃ‚Â 77;Ni-based;Al0.08837B0.00082C0.00323Co0.14114Cr0.15571Mo0.02427Ni0.54798Ti0.03823Zr0.00024;Al0.08837B0.00082C0.00323Co0.14114Cr0.15571Mo0.02427Ni0.54799Ti0.03823Zr0.00024;1.35;135.0;5.65;1.15;0.518;0.0418;1.83;0.142;1.22;55.2;11.4;9.0;25.9;5.14;8.26;2.42;6.59;2.84;0.798;7.68;11.7;0.0;0.703;1.84;0.0;2.75;0.308;9.19;2.15;3.93;0.352;64.1;9.08;10.6;0.866;7.36;0.605;0.894;0.314;1770.0;348.0;-0.108;37.2;-0.25354654;-0.0070549883;1579.2773;92.6287;186.625;8.237593;29.989038;0.009167923;0.49633598;0.7248393;0.762211;0.53298426;0.43884167;0.2280713715273246;0.9210426640916418;0.6310305;0.074005984;0.13287164;0.5555591222402892;0.49541613;5.989432380383133
Rene 80_P22_0;ReneÃ‚Â 80;Ni-based;Al0.06171C0.00810Co0.09311Cr0.15472Mo0.02409Ni0.58463Ti0.06025W0.01289Zr0.00050;Al0.06171C0.0081Co0.09311Cr0.15472Mo0.02409Ni0.58463Ti0.06025W0.01289Zr0.0005;1.35;135.0;6.95;1.15;0.518;0.0514;1.84;0.154;1.22;57.2;18.1;9.0;26.8;7.29;8.48;2.72;6.9;3.38;0.814;7.77;11.9;0.18;0.842;2.26;1.58;2.84;0.34;8.99;2.24;3.97;0.412;63.2;9.33;10.6;0.999;7.39;0.622;0.911;0.328;1810.0;384.0;-0.225;38.5;-0.30469662;-0.002555918;1582.205;100.97591;190.57751;8.35883;30.07119;1.0409364;0.52984166;0.60427713;0.7646837;0.5341986;0.42891562;0.0933383716370981;0.9755688065031424;0.5502259;0.01669187;0.07737106;0.5555591222402892;0.11087122;6.501948979994708
Rene 88 DT_W96_0;ReneÃ‚Â 88Ã‚Â DT;Ni-based;Al0.04525B0.00081C0.00145Co0.12824Cr0.17889Mo0.02424Nb0.00438Ni0.55917Ti0.04494W0.01265;Al0.04525B0.00081C0.00145Co0.12824Cr0.17889Mo0.02424Nb0.00438Ni0.55915Ti0.04494W0.01265;1.36;136.0;4.52;1.07;0.515;0.0333;1.83;0.137;1.01;58.1;17.3;10.0;27.1;6.89;8.56;2.57;7.08;3.18;0.827;7.8;12.1;0.177;0.766;2.05;1.56;2.91;0.31;8.86;2.11;4.0;0.365;62.6;8.67;10.6;0.889;7.39;0.518;0.908;0.308;1840.0;374.0;-0.336;38.5;-0.29992414;-0.0054359604;1644.8492;98.49026;208.38283;8.439327;30.55676;0.7975913;0.47264096;0.6429258;0.7789331;0.5600624;0.42235607;0.0640221054078743;0.6297947411936642;0.6842971;0.019454114;0.09234179;0.5696283140514224;0.16865599;9.58970661794487
Rene 108_R20_0;ReneÃ‚Â 108;Ni-based;Al0.13800B0.00081C0.00341Co0.08782Cr0.12791Hf0.00492Mo0.00275Ni0.58755Ta0.01149Ti0.00917W0.02608Zr0.00008;Al0.138B0.00081C0.00341Co0.08782Cr0.12791Hf0.00492Mo0.00275Ni0.58756Ta0.01149Ti0.00917W0.02608Zr0.00008;1.32;134.0;6.05;1.15;0.521;0.045;1.82;0.142;1.25;58.5;28.5;12.0;27.2;11.1;8.75;3.42;7.01;4.48;0.802;7.75;11.8;0.595;1.17;3.17;2.82;2.66;0.575;9.57;2.12;3.94;0.569;65.8;9.08;10.6;0.893;7.33;0.662;0.915;0.309;1750.0;498.0;0.128;40.2;-0.2828974;-0.004164133;1617.1079;96.301636;183.20021;8.529817;30.103157;-0.2804911;0.5256634;0.650416;0.76564103;0.54864067;0.41501486;0.0233930656639275;0.9809272008929164;0.56054306;0.032805994;0.09552903;0.5137238611465352;0.6366798;6.634088202645758
RENE 125_0;ReneÃ‚Â 125;Ni-based;Al0.10617B0.00083C0.00547Co0.10127Cr0.10215Hf0.00502Mo0.01244Ni0.59991Ta0.01253Ti0.03117W0.02272Zr0.00033;Al0.10617B0.00083C0.00547Co0.10127Cr0.10215Hf0.00502Mo0.01244Ni0.5999Ta0.01253Ti0.03117W0.02272Zr0.00033;1.38;135.0;6.6;1.15;0.52;0.0491;1.83;0.149;1.25;59.5;27.6;12.0;27.6;10.7;8.85;3.29;7.22;4.35;0.815;7.83;12.0;0.564;1.12;3.09;2.75;2.76;0.522;9.41;2.15;3.97;0.552;65.1;9.07;10.6;0.975;7.39;0.642;0.916;0.323;1770.0;474.0;-0.0917;40.6;-0.2716776;-0.005031284;1593.9972;95.10095;187.85223;8.558095;30.227646;-0.29261464;0.506254;0.69794315;0.76934344;0.53908557;0.41272828;0.0129302847664546;0.9974143477042496;0.6076536;0.04536021;0.11812734;0.5978686676144834;0.64226973;6.634088202645758
RENE 220C_0;ReneÃ‚Â 220C;Ni-based;Al0.01108B0.00022C0.00149Co0.12175Cr0.21849Mo0.01994Nb0.03347Ni0.57049Ta0.01057Ti0.01249;Al0.01108B0.00022C0.00149Co0.12175Cr0.21849Mo0.01994Nb0.03347Ni0.5705Ta0.01057Ti0.01249;1.26;137.0;4.2;1.06;0.513;0.0308;1.84;0.133;1.05;59.9;15.8;10.0;27.9;6.19;8.69;2.23;7.54;2.78;0.868;7.85;12.4;0.148;0.7;1.94;1.43;3.04;0.303;8.67;1.96;4.06;0.332;61.8;7.81;10.6;0.867;7.41;0.462;0.942;0.264;1900.0;333.0;-0.569;39.0;-0.25383502;-0.008776933;1662.1312;86.870285;197.32713;8.532927;30.615078;0.6828016;0.44023487;0.71119976;0.7806023;0.5671466;0.41476318;0.0326979376767579;0.5309964124971642;0.74981976;0.073456034;0.12520893;0.4328660706289143;0.20333113;9.681234991766473
Rene N4_R06_0;ReneÃ‚Â N4;Ni-based;Al0.08156Co0.08074Cr0.10295Mo0.01240Nb0.00320Ni0.63439Ta0.01315Ti0.05219W0.01941;Al0.08156Co0.08074Cr0.10295Mo0.0124Nb0.0032Ni0.6344Ta0.01315Ti0.05219W0.01941;1.29;135.0;3.85;1.07;0.924;0.0285;1.83;0.137;0.66;59.5;24.8;9.0;27.7;9.62;8.87;3.1;7.26;4.03;0.818;7.88;12.1;0.456;0.975;2.7;2.48;2.84;0.444;9.23;2.16;4.0;0.477;64.2;8.97;10.6;0.938;7.39;0.532;0.927;0.33;1800.0;443.0;-0.321;39.9;-0.34416455;-0.0073817484;1701.4691;93.51666;196.71344;8.574687;31.238335;0.560048;0.47539538;0.5497369;0.7978734;0.5831656;0.41138834;0.0114248031894956;0.4432552142974852;0.6783166;0.0042063063;0.060012385;0.472720198094007;0.24599348;10.402248784022294
Rene N5_S08_0;ReneÃ‚Â N5;Ni-based;Al0.13896Co0.08209Cr0.08141Hf0.00068Mo0.01261Ni0.63468Re0.00974Ta0.02339W0.01645;Al0.13896Co0.08209Cr0.08141Hf0.00068Mo0.01261Ni0.63467Re0.00974Ta0.02339W0.01645;1.23;134.0;4.41;1.15;0.93;0.0328;1.84;0.133;0.86;60.5;30.5;9.0;28.0;11.8;9.06;3.5;7.44;4.74;0.821;7.85;12.0;0.704;1.2;3.34;3.06;2.7;0.602;9.74;1.93;3.97;0.593;66.5;8.25;10.6;0.832;7.35;0.609;0.934;0.307;1760.0;520.0;0.11;41.4;-0.30230734;-0.007014325;1798.505;97.00846;182.95267;8.737683;31.399714;-0.6822979;0.53023803;0.6307763;0.8021763;0.62187356;0.3982982;0.003232237267762;0.6099676299436935;0.54924476;0.018028492;0.08737478;0.3944372285129094;0.79650563;6.718703103150348
Rene N6_C00_0;ReneÃ‚Â N6;Ni-based;Al0.13794B0.00023C0.00258Co0.13157Cr0.05368Hf0.00052Mo0.00711Ni0.60343Re0.01782Ta0.02571W0.01940;Al0.13794B0.00023C0.00258Co0.13157Cr0.05368Hf0.00052Mo0.00711Ni0.60344Re0.01782Ta0.02571W0.0194;1.3;134.0;5.4;1.16;0.522;0.0403;1.84;0.133;1.25;62.0;33.6;11.0;28.5;13.0;9.27;3.69;7.64;5.08;0.824;7.92;12.1;0.888;1.29;3.62;3.41;2.71;0.64;9.79;1.86;3.99;0.64;66.7;7.98;10.6;0.856;7.41;0.64;0.916;0.315;1760.0;545.0;0.164;42.8;-0.28058863;-0.004515048;1610.6208;98.175156;183.51654;8.708423;31.248148;-0.7569668;0.53496623;0.6432412;0.79813707;0.5459619;0.40063798;0.0006671336361832;0.880856065619401;0.53751385;0.035114247;0.092474066;0.4862752138942231;0.81964344;6.71870310315035
CM247 LC_M21_0;CMÃ‚Â 247Ã‚Â LC;Ni-based;Al0.11942B0.00083C0.00348Co0.09416Cr0.09410Hf0.00468Mo0.00311Ni0.63135Ta0.01022Ti0.00873W0.02986Zr0.00008;Al0.11942B0.00083C0.00348Co0.09416Cr0.0941Hf0.00468Mo0.00311Ni0.63133Ta0.01022Ti0.00873W0.02986Zr0.00008;1.25;134.0;5.83;1.15;0.521;0.0434;1.83;0.136;1.25;59.7;28.7;12.0;27.7;11.2;9.03;3.34;7.3;4.44;0.808;7.83;11.9;0.627;1.15;3.16;2.89;2.72;0.549;9.64;1.97;3.96;0.564;66.0;8.38;10.6;0.875;7.39;0.631;0.942;0.3;1760.0;491.0;0.124;40.9;-0.262353;-0.0053196177;1622.0447;97.17601;182.92566;8.736628;30.36291;-0.42562342;0.53123224;0.66618377;0.77331966;0.55067736;0.39838248;0.0039866784175994;0.9557342171297408;0.5467822;0.058653556;0.10256156;0.4198857265546336;0.7008286;6.634088202645758
CM 186LC_0;CMÃ‚Â 186Ã‚Â LC;Ni-based;Al0.12696B0.00083C0.00350Co0.09178Cr0.06935Hf0.00471Mo0.00313Ni0.64510Re0.00968Ta0.00996Ti0.00879W0.02615Zr0.00003;Al0.12696B0.00083C0.0035Co0.09178Cr0.06935Hf0.00471Mo0.00313Ni0.64513Re0.00968Ta0.00996Ti0.00879W0.02615Zr0.00003;1.25;134.0;5.82;1.16;0.522;0.0434;1.84;0.135;1.25;60.3;30.4;13.0;27.9;11.8;9.15;3.48;7.42;4.68;0.811;7.86;11.9;0.707;1.2;3.32;3.07;2.71;0.582;9.75;1.91;3.97;0.59;66.5;8.15;10.7;0.87;7.4;0.637;0.941;0.311;1750.0;505.0;0.0978;41.6;-0.250469;-0.001977548;1610.4927;96.710815;181.75995;8.607052;30.496546;-0.34528738;0.5320799;0.69282264;0.7772002;0.5459089;0.40877852;0.0016826482338685;0.9557342171297408;0.54468083;0.08008199;0.11548621;0.4198857265546336;0.6660947;5.739705084819102
CMSX-2_0;CMSX?2;Ni-based;Al0.18659Co0.07628Cr0.13832Mo0.00562Ni0.50548Ta0.02981Ti0.01878W0.03912;Al0.18659Co0.07628Cr0.13832Mo0.00562Ni0.50548Ta0.02981Ti0.01878W0.03912;1.46;134.0;5.06;1.08;0.931;0.0377;1.79;0.145;0.66;60.4;35.5;8.0;27.7;13.8;8.59;4.07;7.02;5.47;0.817;7.77;11.9;0.965;1.39;3.85;3.55;2.58;0.736;9.49;2.42;3.96;0.683;65.7;10.3;10.4;0.941;7.22;0.676;0.855;0.327;1780.0;612.0;0.0686;41.5;-0.42252836;-0.0075576734;1725.8975;103.07827;197.20584;8.431362;31.484144;-0.14293736;0.5226938;0.51406646;0.80439985;0.59302765;0.42300388;0.055184704010624;0.7969226908900278;0.56784445;0.00015077776;0.050706316;0.7099342049204688;0.5709859;7.900028101389596
CMSX-4_S01_0;CMSX?4;Ni-based;Al0.12463Co0.10269Cr0.07577Hf0.00100Mo0.00399Ni0.62911Re0.00997Ta0.01994Ti0.01296W0.01994;Al0.12463Co0.10269Cr0.07577Hf0.001Mo0.00399Ni0.62911Re0.00997Ta0.01994Ti0.01296W0.01994;1.27;134.0;4.14;1.15;0.93;0.0308;1.83;0.13;0.86;60.6;30.3;10.0;28.0;11.7;9.12;3.47;7.42;4.66;0.814;7.88;12.0;0.712;1.17;3.25;3.08;2.73;0.572;9.66;1.95;3.98;0.576;66.1;8.28;10.6;0.843;7.38;0.592;0.928;0.316;1760.0;505.0;-0.0316;41.4;-0.30366;-0.0071827844;1765.826;96.74115;182.22116;8.717638;31.375301;0.1737678;0.53089964;0.6366069;0.8015299;0.608984;0.39990062;0.0020998791329037;0.5309964124971642;0.5476063;0.017260712;0.08972757;0.4460051413465571;0.4139802;6.607776038640925
CMSX-6_R06_0;CMSX?6;Ni-based;Al0.09910Co0.04726Cr0.10499Hf0.00031Mo0.01742Ni0.67007Ta0.00616Ti0.05470;Al0.0991Co0.04726Cr0.10499Hf0.00031Mo0.01742Ni0.67006Ta0.00616Ti0.0547;1.14;135.0;4.05;1.15;0.926;0.03;1.83;0.14;0.86;55.7;14.9;8.0;26.3;6.28;8.5;2.66;6.74;3.16;0.792;7.74;11.7;0.0906;0.745;1.98;1.12;2.73;0.352;9.4;2.16;3.93;0.371;64.9;9.12;10.6;0.899;7.34;0.553;0.938;0.335;1740.0;354.0;-0.258;37.6;-0.30394644;-0.0029250272;1696.0475;89.17247;180.27022;8.118253;30.887993;0.62343127;0.49466002;0.54834396;0.78829277;0.5809674;0.4486605;0.0851646623786239;0.4999470305859296;0.63492405;0.017101848;0.059620716;0.2898015824384207;0.22324373;6.9044354959964895
CMSX-10_F01_0;CMSX?10;Ni-based;Al0.13406B0.00012C0.00005Co0.02352Cr0.04000Hf0.00014Mo0.00269Nb0.00068Ni0.72559Re0.02166Ta0.02925Ti0.00303W0.01920;Al0.13406B0.00012C0.00005Co0.02352Cr0.04Hf0.00014Mo0.00269Nb0.00068Ni0.7256Re0.02166Ta0.02925Ti0.00303W0.0192;1.02;134.0;4.2;1.16;0.522;0.0313;1.84;0.128;1.25;63.0;34.9;13.0;29.1;13.4;9.54;3.76;7.9;5.2;0.829;7.98;12.2;0.984;1.31;3.68;3.58;2.74;0.646;9.9;1.81;4.01;0.647;67.1;7.67;10.7;0.85;7.39;0.585;0.97;0.316;1770.0;553.0;0.0224;43.3;-0.25459325;-0.0037907902;1564.4543;101.15996;185.79742;8.934787;31.934675;0.4777593;0.54446375;0.54028565;0.81594497;0.5268302;0.38266253;6.620539386953721e-05;0.5506077531847299;0.5138371;0.072026365;0.057401404;0.1794103173117458;0.27777633;9.10543744621684
CMSX-10M_C00_0;CMSX?10M;Ni-based;Al0.13484Co0.01869Cr0.02421Mo0.00262Nb0.00054Ni0.74695Re0.02197Ta0.02852Ti0.00316W0.01849;Al0.13484Co0.01869Cr0.02421Mo0.00262Nb0.00054Ni0.74696Re0.02197Ta0.02852Ti0.00316W0.01849;0.95;134.0;4.07;1.08;0.932;0.0303;1.85;0.126;0.66;62.9;34.6;10.0;29.1;13.3;9.59;3.72;7.93;5.16;0.827;7.99;12.2;0.966;1.29;3.66;3.55;2.74;0.643;9.97;1.73;4.01;0.643;67.4;7.37;10.7;0.839;7.4;0.58;0.981;0.314;1760.0;548.0;0.0234;43.4;-0.30511582;-0.009547868;1708.3994;89.862335;189.30197;9.090932;32.221626;0.87422985;0.47470364;0.4585171;0.82301915;0.5859706;0.37044445;4.168723836271896e-05;0.5115360291692809;0.6798241;0.016466556;0.03888765;0.1308171429024191;0.14824158;9.695022582482007
CMSX-10K_K04_0;CMSX?10K;Ni-based;Al0.13210Co0.03183Cr0.02405Hf0.00011Mo0.00261Nb0.00067Ni0.74121Re0.02015Ta0.02765Ti0.00261W0.01701;Al0.1321Co0.03183Cr0.02405Hf0.00011Mo0.00261Nb0.00067Ni0.74121Re0.02015Ta0.02765Ti0.00261W0.01701;0.973;134.0;4.03;1.16;0.932;0.0301;1.85;0.125;0.86;62.5;33.7;11.0;28.9;12.9;9.56;3.64;7.88;5.04;0.824;7.97;12.1;0.909;1.26;3.57;3.45;2.74;0.627;9.97;1.7;4.0;0.629;67.4;7.27;10.7;0.826;7.41;0.577;0.98;0.311;1750.0;534.0;0.0137;43.1;-0.25570285;-0.009512631;1734.2755;89.04744;180.23996;9.100061;32.12263;0.7901776;0.49404937;0.56885636;0.820603;0.5963932;0.36973497;5.509385509343297e-05;0.5038021189178516;0.6363383;0.069974884;0.06563743;0.1455510002729748;0.1707452;9.105437446216838
CMSX-2-4Re_D97_0;CMSX?2Ã‚Â +Ã‚Â 4Ã‚Â Re;Ni-based;Al0.12210Co0.05080Cr0.09220Mo0.00310Ni0.67350Re0.01290Ta0.01990Ti0.01250W0.01300;Al0.1221Co0.0508Cr0.0922Mo0.0031Ni0.6735Re0.0129Ta0.0199Ti0.0125W0.013;1.16;135.0;4.11;1.08;0.929;0.0306;1.83;0.13;0.66;59.9;29.0;9.0;27.8;11.2;9.09;3.41;7.37;4.52;0.811;7.85;12.0;0.641;1.14;3.12;2.93;2.73;0.55;9.67;1.96;3.97;0.555;66.1;8.33;10.6;0.827;7.36;0.583;0.949;0.314;1760.0;487.0;-0.0373;40.9;-0.31262702;-0.007249089;1699.5597;92.3573;190.47414;8.668385;31.121956;0.2322379;0.48488104;0.5435946;0.7947272;0.5823918;0.40384695;0.0026103431209362;0.5231921246379141;0.65727854;0.012858426;0.058303166;0.3115329831105839;0.38592458;7.195398507944518
AM1_R98_0;AM1;Ni-based;Al0.11800Co0.06600Cr0.08700Mo0.01300Ni0.65600Ta0.02700Ti0.01500W0.01800;Al0.118Co0.066Cr0.087Mo0.013Ni0.656Ta0.027Ti0.015W0.018;1.21;135.0;4.28;1.08;0.928;0.0317;1.83;0.136;0.66;60.3;28.7;8.0;28.0;11.1;9.04;3.32;7.42;4.46;0.821;7.87;12.0;0.63;1.13;3.15;2.9;2.75;0.548;9.59;2.02;3.99;0.557;65.8;8.5;10.6;0.881;7.37;0.577;0.945;0.308;1770.0;494.0;-0.0503;40.9;-0.3478545;-0.008947035;1722.339;96.65582;195.54195;8.7129545;31.44934;-0.121460795;0.49429712;0.51643264;0.8034856;0.5915955;0.40027532;0.0037190370976226;0.5663806166517374;0.63576484;0.0036601857;0.05127883;0.3697261989731406;0.5604335;7.900028101389596
AM3_G96_0;AM3;Ni-based;Al0.12811Co0.05381Cr0.08871Mo0.01350Ni0.66507Ta0.01110Ti0.02410W0.01560;Al0.12811Co0.05381Cr0.08871Mo0.0135Ni0.66507Ta0.0111Ti0.0241W0.0156;1.17;135.0;4.23;1.08;0.929;0.0314;1.83;0.135;0.66;57.6;23.7;8.0;26.9;9.39;8.75;3.12;7.02;4.01;0.802;7.78;11.8;0.374;0.996;2.73;2.26;2.68;0.501;9.66;2.03;3.94;0.495;66.1;8.67;10.6;0.851;7.34;0.593;0.947;0.312;1740.0;453.0;-0.033;39.3;-0.33376127;-0.0056153946;1689.1375;92.9088;190.14478;8.486979;30.908749;0.2051995;0.48862135;0.5104135;0.7888695;0.5781611;0.4184857;0.0233930656639275;0.5545448989726405;0.64880407;0.006167405;0.049834322;0.3227390393584814;0.39881647;7.900028101389596
MC2_D94_0;MC2;Ni-based;Al0.11211Co0.05105Cr0.09309Mo0.01301Ni0.65966Ta0.02002Ti0.02503W0.02603;Al0.11211Co0.05105Cr0.09309Mo0.01301Ni0.65966Ta0.02002Ti0.02503W0.02603;1.21;135.0;4.17;1.08;0.927;0.031;1.83;0.136;0.66;60.4;29.0;8.0;28.0;11.2;9.03;3.38;7.43;4.52;0.823;7.88;12.1;0.645;1.13;3.15;2.93;2.77;0.542;9.51;2.08;3.99;0.556;65.5;8.74;10.6;0.901;7.36;0.57;0.946;0.312;1790.0;504.0;-0.0755;41.0;-0.32793444;-0.007829161;1723.1234;95.65459;195.62115;8.650814;31.309433;-0.016756887;0.48897874;0.5480523;0.7997777;0.5919114;0.4052578;0.0039866784175994;0.5388248739027716;0.64798933;0.007595546;0.05953901;0.3697261989731406;0.5083777;7.900028101389596
MC533_C00_0;MC533;Ni-based;Al0.13424Cr0.08127Hf0.00034Ni0.71792Re0.00973Ru0.01792Si0.00215Ta0.02002W0.01642;Al0.13424Cr0.08127Hf0.00034Ni0.71791Re0.00973Ru0.01792Si0.00215Ta0.02002W0.01642;0.99;134.0;4.32;1.16;0.82;0.0322;1.84;0.135;0.9;60.4;29.8;9.0;28.0;11.6;9.14;3.43;7.56;4.72;0.827;7.85;12.0;0.651;1.17;3.28;2.95;2.7;0.589;9.85;1.86;3.97;0.583;66.9;7.98;10.6;0.818;7.35;0.589;0.985;0.295;1750.0;506.0;0.0977;41.6;-0.232367;-0.00464751;1726.2249;95.67528;180.38005;8.48255;31.688757;-0.6464097;0.5304094;0.6339652;0.80970985;0.5931593;0.41884503;0.0018123787075643;0.5861689306014459;0.5488205;0.124287285;0.08865459;0.1572068604548069;0.784624;7.828596914150953
MC544-R1_D04_0;MC544;Ni-based;Al0.13576Cr0.04697Hf0.00034Mo0.00636Ni0.73126Re0.01311Ru0.02416Si0.00217Ta0.01687Ti0.00638W0.01660;Al0.13576Cr0.04697Hf0.00034Mo0.00636Ni0.73128Re0.01311Ru0.02416Si0.00217Ta0.01687Ti0.00638W0.0166;1.01;134.0;4.27;1.16;0.821;0.0319;1.85;0.137;0.9;61.1;30.3;11.0;28.3;11.8;9.2;3.45;7.73;4.86;0.84;7.9;12.1;0.657;1.17;3.36;2.96;2.71;0.602;9.92;1.8;3.99;0.597;67.2;7.74;10.6;0.841;7.36;0.585;0.99;0.302;1750.0;516.0;-0.000764;42.2;-0.2465243;-0.007888116;1704.6953;96.28839;180.78775;8.429136;31.698042;0.09577661;0.53260463;0.60202664;0.80994827;0.58447206;0.423185;0.0011531500108413;0.574288212274924;0.54337907;0.08844792;0.076571606;0.1717743139274741;0.4522576;6.557847758830297
C1023_L18_0;C?1023;Ni-based;Al0.08699C0.00744Co0.09483Cr0.16659Mo0.04951Ni0.55262Ti0.04203;Al0.08699C0.00744Co0.09483Cr0.16659Mo0.04951Ni0.55261Ti0.04203;1.38;135.0;7.09;1.07;0.518;0.0524;1.84;0.16;1.01;55.9;13.3;7.0;26.2;5.83;8.14;2.47;6.74;3.16;0.829;7.68;11.8;0.0;0.762;2.16;0.0;2.77;0.35;9.08;2.26;3.95;0.404;63.7;9.53;10.5;0.97;7.34;0.648;0.9;0.316;1790.0;391.0;-0.0931;37.6;-0.3020888;-0.008262124;1583.3834;102.33713;192.31424;8.139222;29.876247;0.42818832;0.53213495;0.62350196;0.75878704;0.5346873;0.4469321;0.339807147196687;0.9594222353363204;0.5445442;0.018155288;0.08451767;0.5978686676144834;0.29809693;6.254581893462544
SRR99-A_S92_0;SRRÃ‚Â 99?A;Ni-based;Al0.12003C0.00074Co0.05001Cr0.09602Ni0.66717Ta0.00900Ti0.02701W0.03001;Al0.12003C0.00074Co0.05001Cr0.09602Ni0.66718Ta0.009Ti0.02701W0.03001;1.15;134.0;4.34;1.08;0.521;0.0323;1.83;0.131;1.05;58.8;27.1;8.0;27.4;10.5;8.94;3.33;7.15;4.31;0.8;7.82;11.9;0.546;1.09;2.94;2.71;2.72;0.521;9.6;2.05;3.96;0.526;65.8;8.7;10.6;0.861;7.36;0.594;0.951;0.311;1760.0;483.0;-0.0164;40.2;-0.28844687;-0.0058993753;1674.7856;95.78534;186.04916;8.581556;30.69743;0.30607668;0.5148389;0.57557046;0.7829439;0.57231665;0.410834;0.0073071687272211;0.5901330302283524;0.5870083;0.027781766;0.06772655;0.3005525732297103;0.35156816;8.05735276510363
SRR99_H85_0;SRRÃ‚Â 99 (HT);Ni-based;Al0.12000C0.00074Co0.05000Cr0.09620Ni0.66656Ta0.00910Ti0.02700W0.03040;Al0.12C0.00074Co0.05Cr0.0962Ni0.66656Ta0.0091Ti0.027W0.0304;1.15;134.0;4.34;1.08;0.521;0.0323;1.83;0.131;1.05;58.8;27.2;8.0;27.4;10.6;8.94;3.34;7.16;4.33;0.8;7.82;11.9;0.553;1.09;2.96;2.73;2.72;0.523;9.6;2.05;3.96;0.528;65.8;8.71;10.6;0.863;7.36;0.594;0.95;0.311;1760.0;485.0;-0.0157;40.2;-0.28844687;-0.0054759737;1674.8671;95.83425;186.04916;8.581556;30.69743;0.30607668;0.51510173;0.5755984;0.7829439;0.57234985;0.410834;0.0073071687272211;0.5901330302283524;0.5863709;0.027781766;0.06773538;0.3005525732297103;0.35156816;8.05735276510363
TMS-75_S08_0;TMS?75;Ni-based;Al0.13741Co0.12582Cr0.03565Hf0.00035Mo0.01288Ni0.63064Re0.01659Ta0.02049W0.02017;Al0.13741Co0.12582Cr0.03565Hf0.00035Mo0.01288Ni0.63064Re0.01659Ta0.02049W0.02017;1.23;134.0;4.17;1.16;0.932;0.0311;1.85;0.126;0.86;61.8;32.3;9.0;28.5;12.5;9.29;3.58;7.68;4.94;0.826;7.93;12.1;0.806;1.23;3.49;3.26;2.72;0.621;9.86;1.77;3.99;0.617;67.0;7.57;10.7;0.81;7.41;0.603;0.931;0.31;1760.0;537.0;0.136;42.5;-0.30069637;-0.011298865;1771.4155;95.49339;181.93811;8.830305;31.99947;-0.24948534;0.5248675;0.6246038;0.81756127;0.61120003;0.39092276;0.0005683405079457;0.5427474392332116;0.5625027;0.018981742;0.08494494;0.3944372285129094;0.6222174;6.718703103150348
TMS-138_S08_0;TMS?138;Ni-based;Al0.13429Co0.06148Cr0.03845Hf0.00035Mo0.01888Ni0.67802Re0.01677Ru0.01236Ta0.01933W0.02005;Al0.13429Co0.06148Cr0.03845Hf0.00035Mo0.01888Ni0.67804Re0.01677Ru0.01236Ta0.01933W0.02005;1.19;134.0;4.24;1.16;0.932;0.0316;1.85;0.134;0.9;62.5;32.4;10.0;28.8;12.5;9.31;3.57;7.89;5.03;0.848;7.95;12.2;0.791;1.23;3.55;3.23;2.74;0.624;9.86;1.78;4.01;0.626;67.0;7.61;10.6;0.84;7.39;0.589;0.96;0.304;1770.0;548.0;0.0442;43.0;-0.3010853;-0.013211412;1753.6259;98.864044;187.33325;9.039992;32.072025;0.1980941;0.52774423;0.59745014;0.81935805;0.6041315;0.37441307;0.0004833368049923;0.5624316403499052;0.5554109;0.018747658;0.074969225;0.3458104346684249;0.40222853;9.561123681954742
TMS-162_S08_0;TMS?162;Ni-based;Al0.13714Co0.06279Cr0.03681Hf0.00036Mo0.02593Ni0.64243Re0.01679Ru0.03787Ta0.01974W0.02013;Al0.13714Co0.06279Cr0.03681Hf0.00036Mo0.02593Ni0.64244Re0.01679Ru0.03787Ta0.01974W0.02013;1.3;134.0;4.41;1.16;0.932;0.0329;1.86;0.147;0.9;63.8;33.3;10.0;29.3;12.8;9.22;3.6;8.16;5.29;0.885;7.98;12.4;0.798;1.25;3.71;3.25;2.77;0.65;9.79;1.84;4.04;0.654;66.7;7.82;10.6;0.885;7.38;0.592;0.953;0.305;1800.0;574.0;0.00155;44.0;-0.32448423;-0.013560239;1793.8546;101.39902;189.08499;9.076942;32.219112;0.20229791;0.53626156;0.6195042;0.82295805;0.62004936;0.37153265;0.0009883764555964;0.6139350191934654;0.5342922;0.008574904;0.08298386;0.4862752138942231;0.40020865;9.561123681954742
TMS-173_S08_0;TMS?173;Ni-based;Al0.13332Co0.06104Cr0.03706Hf0.00036Mo0.01874Ni0.65446Re0.02380Ru0.03178Ta0.01988W0.01957;Al0.13332Co0.06104Cr0.03706Hf0.00036Mo0.01874Ni0.65445Re0.0238Ru0.03178Ta0.01988W0.01957;1.27;134.0;4.27;1.16;0.932;0.0318;1.86;0.142;0.9;64.2;34.4;10.0;29.5;13.2;9.36;3.7;8.2;5.37;0.876;8.0;12.4;0.891;1.28;3.76;3.42;2.78;0.653;9.8;1.81;4.04;0.661;66.8;7.68;10.6;0.867;7.39;0.587;0.953;0.31;1800.0;576.0;0.00447;44.3;-0.3199227;-0.008569997;1760.425;103.129585;189.49673;9.235904;32.311783;0.15116407;0.54422885;0.602398;0.82519716;0.6068384;0.35924685;0.0003199278099447;0.5703329127172483;0.5144239;0.010042643;0.076703005;0.4460051413465571;0.42498845;9.561123681954742
TMS-196_S08_0;TMS?196;Ni-based;Al0.13171Co0.06030Cr0.05614Hf0.00036Mo0.01587Ni0.64551Re0.02181Ru0.03139Ta0.01964W0.01726;Al0.13171Co0.0603Cr0.05614Hf0.00036Mo0.01587Ni0.64552Re0.02181Ru0.03139Ta0.01964W0.01726;1.29;134.0;4.29;1.16;0.932;0.0319;1.86;0.142;0.9;63.5;33.4;10.0;29.2;12.9;9.26;3.64;8.06;5.25;0.87;7.96;12.3;0.827;1.25;3.66;3.3;2.77;0.637;9.75;1.85;4.03;0.644;66.6;7.87;10.6;0.859;7.38;0.589;0.949;0.309;1800.0;561.0;0.00402;43.6;-0.30370587;-0.011078926;1791.2512;102.284424;189.64774;9.022331;31.937199;0.22060078;0.539339;0.6558436;0.81600815;0.6190266;0.37579295;0.0007223239372291;0.574288212274924;0.5266273;0.017235175;0.09789972;0.472720198094007;0.3914547;9.561123681954742
TMS-6_R06_0;TMS?6;Ni-based;Al0.12204Cr0.10993Ni0.70291Ta0.03571W0.02940;Al0.12204Cr0.10993Ni0.70292Ta0.03571W0.0294;0.97;135.0;4.29;1.08;0.928;0.0319;1.83;0.134;0.41;62.1;33.3;5.0;28.7;12.8;9.32;3.62;7.7;4.93;0.826;7.91;12.2;0.912;1.28;3.52;3.45;2.76;0.609;9.63;2.02;4.01;0.618;66.0;8.48;10.6;0.88;7.35;0.577;0.974;0.292;1790.0;543.0;0.147;42.2;-0.27653873;-0.008833286;1730.7582;96.66233;198.27718;8.941883;31.588274;-0.7984221;0.48751113;0.5233105;0.8071161;0.5949814;0.38210392;0.0004454382945765;0.574288212274924;0.6513296;0.039497174;0.052977894;0.1435622667580376;0.8315768;5.799843951637341
TMS-12_R06_0;TMS?12;Ni-based;Al0.12157Cr0.08007Ni0.72760Ta0.02684W0.04392;Al0.12157Cr0.08007Ni0.7276Ta0.02684W0.04392;0.924;134.0;4.07;1.08;0.93;0.0303;1.83;0.128;0.41;63.1;34.6;5.0;29.1;13.2;9.51;3.68;7.89;5.08;0.83;7.96;12.2;0.991;1.3;3.63;3.59;2.78;0.624;9.73;1.92;4.02;0.636;66.4;8.05;10.6;0.866;7.38;0.572;0.992;0.282;1800.0;568.0;0.203;43.1;-0.29861373;-0.008046223;1739.4773;101.25049;198.5903;9.138725;31.786356;-0.35154656;0.5098461;0.46396825;0.81220365;0.5984783;0.36673677;8.692885721987838e-05;0.5115360291692809;0.5990574;0.020279191;0.039919253;0.1155485104429754;0.66887325;5.799843951637341
HAYNES 230_0;HaynesÃ‚Â 230;Ni-based;Al0.00686C0.00514Co0.03141Cr0.26105Fe0.02210Mn0.00562Mo0.01286Ni0.59919Si0.00879W0.04699;Al0.00686C0.00514Co0.03141Cr0.26105Fe0.0221Mn0.00562Mo0.01286Ni0.59918Si0.00879W0.04699;1.18;136.0;5.96;1.07;0.515;0.0438;1.83;0.131;1.0;62.5;27.9;10.0;28.9;10.6;9.15;3.06;7.8;4.06;0.852;7.89;12.5;0.658;1.08;2.79;2.96;3.04;0.44;8.7;1.97;4.08;0.48;62.0;8.0;10.6;0.828;7.44;0.507;0.96;0.261;1940.0;455.0;0.143;41.3;-0.2277691;-0.007260537;1686.2917;101.89271;211.85733;8.965459;30.321642;0.11820476;0.48094964;0.7530558;0.77211165;0.57700396;0.38025022;0.0016826482338685;0.9629596376003352;0.666079;0.13804089;0.14998472;0.3341664579533467;0.44117132;6.672142285963717
Astroloy_B96_0;Astroloy;Ni-based;Al0.08503B0.00110C0.00130Co0.16005Cr0.15905Mo0.03001Ni0.52316Ti0.04001Zr0.00030;Al0.08503B0.0011C0.0013Co0.16005Cr0.15905Mo0.03001Ni0.52315Ti0.04001Zr0.0003;1.39;135.0;4.97;1.15;0.517;0.0368;1.83;0.141;1.22;55.6;11.6;9.0;26.1;5.16;8.23;2.4;6.63;2.87;0.806;7.69;11.7;0.0;0.688;1.85;0.0;2.77;0.306;9.11;2.15;3.94;0.348;63.7;9.07;10.5;0.857;7.36;0.579;0.881;0.314;1780.0;356.0;-0.164;37.2;-0.24296384;-0.006587222;1597.1036;94.099106;187.73021;8.20851;30.282614;1.0215436;0.50124645;0.7876142;0.77096516;0.5403718;0.44123036;0.2534589924193429;0.7646017092633773;0.61952573;0.09658132;0.17337002;0.6120103046083165;0.11475274;5.989432380383133
Udimet 500_D70_0;UdimetÃ‚Â 500;Ni-based;Al0.06007C0.00326Co0.18303Cr0.20100Mo0.02505Ni0.49258Ti0.03503;Al0.06007C0.00326Co0.18303Cr0.201Mo0.02505Ni0.49256Ti0.03503;1.38;136.0;5.27;1.07;0.516;0.0389;1.83;0.14;1.01;55.9;10.4;7.0;26.2;4.62;8.26;2.26;6.67;2.6;0.808;7.69;11.8;0.0;0.65;1.64;0.0;2.84;0.242;8.9;2.11;3.96;0.311;62.8;8.8;10.6;0.846;7.38;0.577;0.876;0.301;1810.0;328.0;-0.218;37.2;-0.26215047;-0.0062137283;1646.9374;95.875694;193.0798;8.222391;30.270742;1.3325669;0.49655995;0.7473307;0.77061564;0.56091976;0.44008994;0.2280713715273246;0.8376239014449899;0.6305089;0.058974613;0.14637172;0.5978686676144834;0.06506235;6.254581893462544
Udimet 700_D70_0;UdimetÃ‚Â 700;Ni-based;Al0.09018C0.00276Co0.17641Cr0.16378Mo0.02882Ni0.49878Ti0.03928;Al0.09018C0.00276Co0.17641Cr0.16378Mo0.02882Ni0.49877Ti0.03928;1.41;135.0;5.35;1.07;0.518;0.0395;1.83;0.144;1.01;55.3;11.7;7.0;25.9;5.21;8.17;2.42;6.55;2.89;0.802;7.67;11.7;0.0;0.701;1.86;0.0;2.75;0.316;9.1;2.17;3.93;0.354;63.7;9.19;10.5;0.867;7.35;0.608;0.87;0.313;1770.0;359.0;-0.14;37.2;-0.3041368;-0.004088795;1627.7523;94.51466;190.67079;8.151982;30.445263;0.96214426;0.49569556;0.65049756;0.77571666;0.55302995;0.44588095;0.3093773901799871;0.8567653793940028;0.6325204;0.016996976;0.09556426;0.6402598535135581;0.1273841;6.254581893462544
U720Li_Y11_0;U?720Ã‚Â Li;Ni-based;Al0.04987B0.00100C0.00140Co0.14163Cr0.17654Mo0.01795Ni0.55057Ti0.05685W0.00399Zr0.00020;Al0.04987B0.001C0.0014Co0.14163Cr0.17654Mo0.01795Ni0.55057Ti0.05685W0.00399Zr0.0002;1.34;136.0;4.54;1.14;0.516;0.0334;1.83;0.138;1.22;56.4;12.3;10.0;26.4;5.2;8.41;2.39;6.76;2.74;0.803;7.75;11.9;0.0559;0.659;1.65;0.883;2.87;0.239;8.88;2.14;3.97;0.305;62.7;8.87;10.6;0.887;7.39;0.527;0.893;0.322;1810.0;321.0;-0.403;37.5;-0.2621894;-0.0006811656;1572.2173;95.552505;190.40143;8.342496;30.276958;1.0780907;0.5018476;0.69264317;0.7707987;0.5300543;0.4302498;0.1268881787795191;0.6337554738942555;0.6181076;0.05891281;0.11539459;0.5415429207651392;0.103755005;6.501948979994708
U710_C86_0;U?710;Ni-based;Al0.05408B0.00104C0.00327Co0.14095Cr0.19321Mo0.01755Nb0.00006Ni0.52775Ti0.05745W0.00458Zr0.00006;Al0.05408B0.00104C0.00327Co0.14095Cr0.19321Mo0.01755Nb0.00006Ni0.52775Ti0.05745W0.00458Zr0.00006;1.38;136.0;5.43;1.14;0.516;0.04;1.83;0.143;1.22;56.1;13.0;11.0;26.3;5.46;8.31;2.45;6.66;2.82;0.802;7.72;11.8;0.0641;0.7;1.75;0.945;2.85;0.254;8.83;2.2;3.96;0.326;62.5;9.13;10.5;0.913;7.37;0.565;0.881;0.323;1820.0;332.0;-0.335;37.4;-0.24318276;-0.0023625642;1611.7612;99.80006;192.32492;8.137597;30.171871;0.9343064;0.5189138;0.7884139;0.76768976;0.54643303;0.447066;0.1896283666734252;0.8720235148297334;0.5770957;0.096064806;0.17394377;0.5978686676144834;0.13370232;9.097069293121582
UMF20_M07_0;UMFÃ‚Â 20;Ni-based;Al0.13872Co0.02495Cr0.07984Ni0.66866Re0.01497Ru0.03493Ta0.02794W0.00998;Al0.13872Co0.02495Cr0.07984Ni0.66867Re0.01497Ru0.03493Ta0.02794W0.00998;1.16;134.0;4.33;1.08;0.932;0.0323;1.84;0.146;0.7;61.8;31.8;8.0;28.6;12.3;9.13;3.54;7.77;5.06;0.851;7.89;12.2;0.74;1.23;3.51;3.13;2.72;0.624;9.78;1.91;4.0;0.621;66.7;8.13;10.6;0.857;7.34;0.596;0.959;0.308;1770.0;529.0;-0.042;42.6;-0.35653013;-0.006980244;1740.5273;102.1143;193.20966;8.735129;31.462933;0.09353687;0.5285155;0.48814616;0.80384296;0.5988988;0.39850223;0.0019512635829612;0.5901330302283524;0.5535056;0.0026212744;0.04481898;0.3115329831105839;0.4533675;10.10377110151708
Nasair 100_N85_0;NasairÃ‚Â 100;Ni-based;Al0.12800B0.00016C0.00025Cr0.10466Mo0.00563Ni0.69713Ta0.00912Ti0.02046W0.03460;Al0.128B0.00016C0.00025Cr0.10466Mo0.00563Ni0.69712Ta0.00912Ti0.02046W0.0346;1.02;134.0;4.31;1.08;0.521;0.0321;1.83;0.133;1.05;59.3;28.7;9.0;27.6;11.1;8.97;3.45;7.27;4.53;0.81;7.82;11.9;0.612;1.14;3.12;2.86;2.71;0.556;9.64;2.08;3.96;0.556;66.0;8.81;10.6;0.867;7.32;0.593;0.968;0.303;1770.0;514.0;0.146;40.5;-0.2437677;-0.005227793;1698.1412;100.144455;190.45863;8.6425295;30.630219;-0.20762075;0.52580684;0.6124986;0.7810341;0.5818167;0.40592355;0.0059942403963683;0.5822065438821701;0.56018966;0.09469546;0.08035695;0.1794103173117458;0.60234404;6.513140891415209
IN939_D83_0;INÃ‚Â 939;Ni-based;Al0.03948B0.00050C0.00704Co0.18082Cr0.24271Nb0.00605Ni0.46895Ta0.00436Ti0.04334W0.00615Zr0.00060;Al0.03948B0.0005C0.00704Co0.18082Cr0.24271Nb0.00605Ni0.46895Ta0.00436Ti0.04334W0.00615Zr0.0006;1.4;136.0;6.55;1.14;0.516;0.0483;1.82;0.143;1.22;56.6;15.4;11.0;26.4;6.21;8.33;2.49;6.66;2.81;0.799;7.7;11.9;0.147;0.779;1.87;1.43;2.89;0.259;8.66;2.16;3.97;0.343;61.8;8.94;10.5;0.915;7.39;0.607;0.865;0.306;1840.0;321.0;-0.378;37.6;-0.24396297;-0.0038934574;1582.761;98.79942;206.70667;8.291384;29.963932;0.9988426;0.47796923;0.78293675;0.7614518;0.53442913;0.43443114;0.1755965225375454;0.9998074482279724;0.67267483;0.09424173;0.17004387;0.6261459274240386;0.11944618;10.150225454549842
IN939_J98_0;INÃ‚Â 939 (var.);Ni-based;Al0.03982B0.00052C0.00706Co0.18231Cr0.24361Nb0.00609Ni0.46573Ta0.00438Ti0.04371W0.00615Zr0.00062;Al0.03982B0.00052C0.00706Co0.18231Cr0.24361Nb0.00609Ni0.46573Ta0.00438Ti0.04371W0.00615Zr0.00062;1.41;136.0;6.57;1.14;0.516;0.0484;1.81;0.143;1.22;56.5;15.4;11.0;26.4;6.22;8.32;2.49;6.65;2.82;0.799;7.7;11.9;0.147;0.78;1.87;1.43;2.89;0.26;8.65;2.17;3.97;0.344;61.8;8.96;10.5;0.917;7.39;0.609;0.863;0.306;1840.0;322.0;-0.382;37.6;-0.24280067;-0.004991224;1580.8738;98.77255;206.63031;8.264423;29.994232;1.0076461;0.4780158;0.7913593;0.76236784;0.53364646;0.4366405;0.1825172524161158;0.9996577113719014;0.67257226;0.09696773;0.17607005;0.6402598535135581;0.11760667;10.150225454549842
AM80_P22_0;AM?80;Ni-based;Al0.06527C0.00831Co0.09463Cr0.15806Hf0.00329Mo0.02447Ni0.58810Ta0.00811Ti0.03679W0.01277Zr0.00019;Al0.06527C0.00831Co0.09463Cr0.15806Hf0.00329Mo0.02447Ni0.58811Ta0.00811Ti0.03679W0.01277Zr0.00019;1.37;135.0;7.15;1.15;0.518;0.0529;1.84;0.154;1.25;58.7;22.3;11.0;27.3;8.77;8.67;2.87;7.17;3.71;0.826;7.8;12.0;0.338;0.961;2.61;2.15;2.85;0.404;9.07;2.17;3.99;0.469;63.6;9.05;10.6;0.988;7.4;0.626;0.921;0.313;1810.0;412.0;-0.151;39.5;-0.2762093;-0.0064562447;1593.315;99.16538;190.84598;8.551024;30.258404;0.92773575;0.5196095;0.68122596;0.77025187;0.53880304;0.41329968;0.0364325078879124;0.9499238266892308;0.5753969;0.039873198;0.10969401;0.5837363505232092;0.13523176;6.634088202645759
RR1000_B17_0;RR1000;Ni-based;Al0.06361B0.00080Co0.17932Cr0.16530Hf0.00160Mo0.03005Ni0.50992Ta0.00631Ti0.04308;Al0.06361B0.0008Co0.17932Cr0.1653Hf0.0016Mo0.03005Ni0.50993Ta0.00631Ti0.04308;1.41;136.0;4.16;1.14;0.626;0.0306;1.83;0.14;0.86;57.2;15.3;9.0;26.7;6.26;8.4;2.46;6.88;3.05;0.819;7.77;11.9;0.111;0.731;1.98;1.24;2.85;0.309;8.93;2.12;3.98;0.358;63.0;8.82;10.5;0.876;7.38;0.531;0.874;0.315;1820.0;355.0;-0.34;38.0;-0.26916382;-0.00021911226;1660.6396;94.75664;187.8295;8.374877;30.89169;0.93801945;0.5044822;0.7498685;0.7883956;0.56653625;0.42760593;0.1323482521185123;0.5231921246379141;0.61186963;0.04866792;0.14796428;0.6402598535135581;0.13284452;6.9044354959964895
RR2000_R06_0;RR2000;Ni-based;Al0.11121Co0.13886Cr0.10492Mo0.01706Ni0.57165Ti0.04559V0.01071;Al0.11121Co0.13886Cr0.10492Mo0.01706Ni0.57165Ti0.04559V0.01071;1.33;135.0;4.07;1.08;0.927;0.0302;1.83;0.136;0.62;54.6;11.4;7.0;25.7;5.17;8.27;2.54;6.45;2.92;0.78;7.69;11.5;0.0;0.686;1.79;0.0;2.68;0.342;9.38;2.15;3.91;0.346;64.9;9.16;10.6;0.85;7.34;0.589;0.893;0.328;1730.0;346.0;-0.2;37.0;-0.3452552;-0.007138079;1668.3702;87.613884;187.61868;7.9812355;30.788902;0.63407147;0.46697846;0.55400175;0.78552353;0.5696975;0.4599828;0.2199958756171259;0.5076652086244716;0.6964005;0.0040376415;0.061226655;0.5275934168980134;0.21957532;7.45978930001596
RR2100_T04_0;RR2100;Ni-based;Al0.14000Co0.12800Cr0.03000Hf0.00060Ni0.62940Re0.02200Ta0.01900W0.03100;Al0.14Co0.128Cr0.03Hf0.0006Ni0.6294Re0.022Ta0.019W0.031;1.21;134.0;3.97;1.16;0.933;0.0297;1.84;0.121;0.61;63.2;35.5;8.0;29.0;13.6;9.5;3.82;7.83;5.29;0.824;7.98;12.2;1.02;1.32;3.73;3.63;2.73;0.66;9.88;1.74;4.01;0.656;67.1;7.48;10.7;0.805;7.42;0.607;0.928;0.315;1760.0;570.0;0.171;43.7;-0.33210415;-0.006427195;1722.9888;95.73388;187.74893;9.251172;32.360374;-0.20495613;0.5099037;0.541129;0.8263623;0.59185714;0.35807613;9.510650971552972e-05;0.4884324327577394;0.598919;0.0065466682;0.05762998;0.3697261989731406;0.6010668;7.2949107332245
RR2101_T04_0;RR2101;Ni-based;Al0.14200Co0.13000Cr0.03000Hf0.00060Ni0.61240Re0.02200Ru0.01300Ta0.01900W0.03100;Al0.142Co0.13Cr0.03Hf0.0006Ni0.6124Re0.022Ru0.013Ta0.019W0.031;1.28;134.0;4.02;1.16;0.934;0.03;1.84;0.128;0.9;63.7;35.8;9.0;29.2;13.7;9.46;3.83;7.92;5.41;0.838;7.99;12.2;1.02;1.33;3.8;3.63;2.73;0.671;9.86;1.76;4.02;0.667;67.0;7.55;10.6;0.823;7.42;0.61;0.924;0.315;1770.0;579.0;0.107;44.1;-0.30435604;-0.00869987;1780.8694;98.8573;187.20444;9.237754;32.361553;-0.4747339;0.52807134;0.64560574;0.8263905;0.61493766;0.35910487;0.0001356778786811;0.4999470305859296;0.55460304;0.016876915;0.093471035;0.4592932569976525;0.7210081;10.14142693027742
ERBO/1C-1_P14_0;ERBOÃ‚Â 1C?1;Ni-based;Al0.12865Co0.09610Cr0.07261Hf0.00034Mo0.00381Ni0.63187Re0.00916Ta0.02288Ti0.01272W0.02186;Al0.12865Co0.0961Cr0.07261Hf0.00034Mo0.00381Ni0.63187Re0.00916Ta0.02288Ti0.01272W0.02186;1.26;134.0;4.18;1.15;0.93;0.0311;1.83;0.131;0.86;60.9;31.2;10.0;28.1;12.0;9.15;3.54;7.46;4.77;0.815;7.89;12.0;0.759;1.2;3.34;3.17;2.73;0.589;9.68;1.96;3.98;0.591;66.2;8.33;10.6;0.854;7.38;0.597;0.929;0.316;1760.0;518.0;-0.0278;41.7;-0.30112126;-0.0060591456;1766.7745;96.6906;182.43948;8.624471;31.364239;0.25052294;0.5299872;0.6372613;0.8012364;0.60936034;0.407376;0.0016826482338685;0.5427474392332116;0.54986566;0.018726138;0.08999518;0.4328660706289143;0.37729493;6.607776038640925
C17_O04_0;C17;Ni-based;Al0.14100Co0.12900Ni0.65700Re0.02000Ta0.02100W0.03200;Al0.141Co0.129Ni0.657Re0.02Ta0.021W0.032;1.09;134.0;3.84;1.08;0.934;0.0287;1.85;0.118;0.41;63.4;35.5;6.0;29.1;13.6;9.61;3.77;7.91;5.28;0.823;8.01;12.2;1.02;1.32;3.74;3.64;2.72;0.662;10.0;1.62;4.0;0.658;67.6;6.97;10.7;0.799;7.45;0.599;0.942;0.313;1750.0;568.0;0.168;43.9;-0.3378058;-0.01078431;1702.6837;89.9574;193.2386;9.280688;32.253666;-0.37476104;0.465525;0.47358796;0.8237956;0.58365756;0.3558178;3.454034100872226e-05;0.4506763926146327;0.6994647;0.005323574;0.041804012;0.2395855046794574;0.6790746;6.3191537439348275
Ni-19.5Al_O04_0;Ni?19.5Al;Ni-based;Al0.19500Ni0.80500;Al0.195Ni0.805;0.493;133.0;3.96;1.01;0.939;0.0298;1.85;0.119;0.3;52.5;12.6;2.0;25.1;5.94;8.64;2.77;6.44;3.17;0.746;7.61;11.0;0.0;0.792;1.98;0.0;2.42;0.525;10.6;1.19;3.81;0.396;69.9;5.94;10.8;0.63;7.32;0.655;1.01;0.287;1570.0;315.0;0.0996;37.0;-0.32128555;-0.0027996954;1619.7164;76.467995;174.29443;7.7425995;31.278526;-2.1865058;0.43872884;0.2142407;0.79895157;0.549717;0.47979438;0.0427097870817153;0.4922619247320146;0.7526343;0.009582263;0.0117882155;0.0086442808907402;0.98754394;2.2282647464512557
MC-NG_S08_0;MC?NG;Ni-based;Al0.13592Cr0.04702Hf0.00034Mo0.00637Ni0.73313Re0.01313Ru0.02419Ta0.01689Ti0.00638W0.01662;Al0.13592Cr0.04702Hf0.00034Mo0.00637Ni0.73314Re0.01313Ru0.02419Ta0.01689Ti0.00638W0.01662;0.994;134.0;4.13;1.16;0.933;0.0308;1.85;0.138;0.9;61.1;30.3;10.0;28.4;11.7;9.21;3.44;7.74;4.84;0.84;7.9;12.1;0.658;1.17;3.36;2.96;2.72;0.599;9.92;1.79;3.99;0.595;67.2;7.69;10.6;0.841;7.36;0.584;0.989;0.301;1750.0;517.0;-0.0379;42.2;-0.24701212;-0.0051819216;1743.8854;96.07071;180.64925;8.649349;31.821064;0.32051626;0.53180796;0.6049136;0.8130843;0.6002425;0.4053755;0.0010678208931504;0.5309964124971642;0.5453551;0.0873772;0.07759853;0.1600458424891289;0.3450132;8.152752131301515
MXON_H88_0;MXON;Ni-based;Al0.13553Co0.05086Cr0.09224Mo0.01250Ni0.66290Ta0.01988W0.02609;Al0.13553Co0.05086Cr0.09224Mo0.0125Ni0.6629Ta0.01988W0.02609;1.14;134.0;4.33;1.08;0.93;0.0322;1.83;0.132;0.66;60.0;29.4;7.0;27.8;11.4;9.02;3.41;7.39;4.58;0.819;7.83;11.9;0.644;1.16;3.23;2.93;2.7;0.582;9.73;1.95;3.97;0.575;66.4;8.31;10.6;0.83;7.34;0.602;0.957;0.291;1760.0;519.0;0.17;41.0;-0.31217313;-0.0065529738;1738.8828;97.53879;190.80405;8.665444;31.094542;-0.41614944;0.51119876;0.54737747;0.7939809;0.5982402;0.40408292;0.0042717248407832;0.5861689306014459;0.59580415;0.013054728;0.059350345;0.2898015824384207;0.6968408;7.284058390795331
CM0210_M21_0;CMÃ‚Â 0210;Ni-based;Al0.11695B0.00077C0.00397Co0.09597Cr0.06870Hf0.00467Mo0.00310Ni0.66133Ta0.00526Ti0.00746W0.03174Zr0.00007;Al0.11695B0.00077C0.00397Co0.09597Cr0.0687Hf0.00467Mo0.0031Ni0.66134Ta0.00526Ti0.00746W0.03174Zr0.00007;1.18;134.0;5.85;1.16;0.522;0.0436;1.84;0.132;1.25;59.5;27.9;12.0;27.7;10.8;9.13;3.25;7.35;4.33;0.806;7.85;11.9;0.583;1.12;3.08;2.8;2.72;0.535;9.76;1.84;3.96;0.552;66.5;7.88;10.7;0.849;7.42;0.626;0.96;0.293;1740.0;480.0;0.177;41.0;-0.26665017;-0.0043806285;1606.3746;96.78526;182.70753;8.712285;30.627756;-0.21445277;0.5297278;0.61276543;0.78096396;0.54420704;0.40032887;0.0019512635829612;0.9594222353363204;0.55050766;0.052174337;0.0804556;0.3341664579533467;0.60561234;6.634088202645758
CMSX-4_W95_0;CMSX?4 (W95);Ni-based;Al0.12470Co0.10275Cr0.07582Hf0.00040Mo0.00399Ni0.62949Re0.00998Ta0.01995Ti0.01297W0.01995;Al0.1247Co0.10275Cr0.07582Hf0.0004Mo0.00399Ni0.62949Re0.00998Ta0.01995Ti0.01297W0.01995;1.26;134.0;4.12;1.15;0.93;0.0306;1.83;0.129;0.86;60.5;30.2;10.0;28.0;11.7;9.12;3.47;7.42;4.65;0.813;7.88;12.0;0.704;1.17;3.24;3.06;2.73;0.57;9.66;1.94;3.98;0.574;66.1;8.26;10.6;0.838;7.38;0.592;0.928;0.315;1760.0;505.0;-0.0209;41.4;-0.29734588;-0.007252749;1765.826;96.74115;182.29056;8.716488;31.478407;0.26983985;0.5306975;0.6450061;0.80424935;0.608984;0.3999926;0.0020998791329037;0.5231921246379141;0.54810697;0.021106336;0.09321728;0.4328660706289143;0.36826208;6.607776038640925
TMS-138TaRu_K04_0;TMS?138TaRu;Ni-based;Al0.13342Co0.06109Cr0.03462Hf0.00036Mo0.01876Ni0.65608Re0.01623Ru0.03180Ta0.02807W0.01958;Al0.13342Co0.06109Cr0.03462Hf0.00036Mo0.01876Ni0.65607Re0.01623Ru0.0318Ta0.02807W0.01958;1.26;134.0;4.37;1.16;0.932;0.0326;1.86;0.145;0.9;64.3;34.4;10.0;29.5;13.2;9.36;3.66;8.2;5.33;0.876;8.01;12.4;0.899;1.28;3.77;3.43;2.78;0.655;9.79;1.84;4.05;0.662;66.7;7.77;10.6;0.894;7.39;0.585;0.955;0.308;1800.0;573.0;-0.0681;44.2;-0.32302457;-0.007723082;1750.7488;102.96651;190.14783;9.241299;32.327816;0.14020535;0.54150766;0.5886621;0.8255823;0.60298413;0.358833;0.0003199278099447;0.6020323063145528;0.5212182;0.00902221;0.071978346;0.4328660706289143;0.4303531;9.561123681954742
PWA 1480_R06_0;PWAÃ‚Â 1480 (cast);Ni-based;Al0.11253Co0.05152Cr0.11679Ni0.64665Ta0.04027Ti0.01903W0.01321;Al0.11253Co0.05152Cr0.11679Ni0.64665Ta0.04027Ti0.01903W0.01321;1.19;135.0;4.32;1.07;0.926;0.032;1.82;0.138;0.41;60.7;30.4;7.0;28.1;11.7;9.07;3.44;7.4;4.59;0.815;7.87;12.1;0.749;1.19;3.24;3.15;2.77;0.557;9.45;2.13;3.99;0.571;65.2;8.92;10.6;0.916;7.35;0.573;0.933;0.319;1790.0;491.0;-0.163;41.0;-0.33538222;-0.006608771;1721.4757;92.09864;197.82695;8.718768;31.242428;0.50874436;0.46555153;0.52652025;0.7979834;0.5912478;0.3998102;0.0030113182127896;0.5782461964661771;0.69940895;0.00581571;0.05378889;0.3458104346684249;0.26551685;8.05735276510363
PWA 1480_D97_0;PWAÃ‚Â 1480Ã‚Â (Re);Ni-based;Al0.11260Co0.05150Cr0.11680Ni0.64660Ta0.04030Ti0.01900W0.01320;Al0.1126Co0.0515Cr0.1168Ni0.6466Ta0.0403Ti0.019W0.0132;1.19;135.0;4.32;1.07;0.926;0.032;1.82;0.139;0.41;60.7;30.4;7.0;28.1;11.7;9.07;3.44;7.4;4.59;0.815;7.87;12.1;0.749;1.19;3.24;3.15;2.77;0.557;9.45;2.13;3.99;0.571;65.2;8.92;10.6;0.916;7.35;0.573;0.933;0.319;1790.0;491.0;-0.163;41.0;-0.33538222;-0.006071551;1721.4757;92.59267;197.82695;8.718768;31.242428;0.49598283;0.4680488;0.52652025;0.7979834;0.5912478;0.3998102;0.0030113182127896;0.5782461964661771;0.69413275;0.00581571;0.05378889;0.3458104346684249;0.270524;8.05735276510363
Alloy #11_C00_0;AlloyÃ‚Â #11;Ni-based;Al0.13692B0.00023C0.00256Co0.13217Cr0.05921Hf0.00052Mo0.00995Ni0.58797Re0.01488Ru0.00975Ta0.02178Ti0.00515W0.01892;Al0.13692B0.00023C0.00256Co0.13217Cr0.05921Hf0.00052Mo0.00995Ni0.58796Re0.01488Ru0.00975Ta0.02178Ti0.00515W0.01892;1.38;134.0;5.42;1.16;0.522;0.0405;1.84;0.139;1.25;61.6;32.3;13.0;28.4;12.5;9.12;3.6;7.59;5.0;0.832;7.9;12.1;0.785;1.25;3.53;3.22;2.71;0.625;9.73;1.91;3.99;0.626;66.5;8.19;10.6;0.872;7.4;0.641;0.912;0.315;1770.0;538.0;0.0383;42.5;-0.2773143;-0.006078666;1605.9784;102.2881;186.15573;8.778556;30.957708;0.051447883;0.54947597;0.6888962;0.79022545;0.54404324;0.39503762;0.0020998791329037;0.8866043544213023;0.5013101;0.038623724;0.11349589;0.5978686676144834;0.4742987;9.410486340753515
FSX-414_0;FSX?414;Co-based;B0.00055C0.01231Co0.52182Cr0.32984Fe0.01059Ni0.10076W0.02413;B0.00055C0.01231Co0.52182Cr0.32984Fe0.01059Ni0.10076W0.02413;1.13;136.0;7.82;1.03;0.515;0.0575;1.81;0.134;0.89;59.0;20.5;7.0;27.0;7.88;8.3;2.42;6.75;3.0;0.813;7.72;12.2;0.338;0.917;2.18;2.15;3.01;0.309;8.09;1.67;4.02;0.384;59.5;6.82;10.5;0.787;7.53;0.658;0.719;0.171;1930.0;337.0;0.0777;39.1;-0.11937368;-0.011776569;1548.296;93.54759;204.43431;8.68695;30.291443;0.86108106;0.45759243;1.2633717;0.77122486;0.5201125;0.40235794;0.1969309867554593;0.8243952184370745;0.7158719;0.74755937;0.69356906;0.2792832821241375;0.15159288;6.591258666399963
X-40_0;X?40;Co-based;C0.02437Co0.53635Cr0.28707Mn0.00799Ni0.10472Si0.01563W0.02388;C0.02437Co0.53634Cr0.28707Mn0.00799Ni0.10472Si0.01563W0.02388;1.21;135.0;10.9;1.04;0.52;0.0814;1.83;0.155;1.0;58.2;21.3;7.0;26.6;8.29;8.29;2.47;6.64;3.16;0.801;7.68;12.0;0.334;1.01;2.47;2.14;2.93;0.328;8.36;1.88;3.98;0.456;60.6;8.01;10.6;0.918;7.62;0.758;0.739;0.191;1880.0;338.0;0.483;39.8;-0.1594499;-0.021198442;1532.6927;99.002495;209.96516;8.6676035;30.349627;0.7595855;0.47151867;1.0025903;0.7729313;0.5136186;0.4039096;0.2044260232729515;0.0919113806339741;0.6867166;0.47710937;0.38058907;0.3697261989731406;0.17958362;7.058605465091572
Wl-52_0;WI?52;Co-based;C0.02283Co0.65145Cr0.24612Fe0.02182Mn0.00277Nb0.01312Si0.00542W0.03646;C0.02283Co0.65146Cr0.24612Fe0.02182Mn0.00277Nb0.01312Si0.00542W0.03646;1.02;135.0;10.4;1.08;0.519;0.077;1.83;0.149;1.0;60.9;25.4;8.0;27.6;9.8;8.44;2.7;6.99;3.69;0.829;7.81;12.3;0.51;1.09;2.83;2.62;3.0;0.398;8.21;1.7;4.03;0.504;60.1;7.1;10.6;0.933;7.67;0.734;0.677;0.135;1910.0;395.0;0.395;41.2;-0.09898701;-0.011621891;1530.0603;95.94037;206.21112;8.773752;30.323872;0.9735498;0.4652531;1.3590573;0.7721771;0.5125225;0.39542034;0.1115316814762919;0.1653877458996496;0.700036;0.86804825;0.7850406;0.1794103173117458;0.12486996;9.425274915943431
MAR-M 509_0;MAR?MÃ‚Â 509;Co-based;C0.02987Co0.55796Cr0.27021Ni0.10186Ta0.01156Ti0.00250W0.02276Zr0.00328;C0.02987Co0.55796Cr0.27021Ni0.10186Ta0.01156Ti0.0025W0.02276Zr0.00328;1.19;135.0;11.6;1.15;0.52;0.0864;1.83;0.167;1.22;60.0;24.7;8.0;27.3;9.54;8.48;2.66;6.93;3.51;0.817;7.75;12.1;0.48;1.12;2.83;2.55;2.98;0.379;8.3;1.82;4.01;0.51;60.4;7.59;10.6;1.03;7.65;0.798;0.729;0.185;1890.0;361.0;0.296;40.8;-0.12330651;-0.012452705;1492.6608;99.50694;202.48537;8.803225;30.400911;0.68153316;0.4914278;1.2417363;0.774428;0.496942;0.39307418;0.0933383716370981;0.0426353311382976;0.642383;0.72187775;0.67010975;0.3458104346684249;0.20374238;7.781990562955287
TAZ-8A_0;TAZ?8A;Co-based;Al0.13459B0.00022C0.00605Cr0.06984Mo0.02523Nb0.01629Ni0.70122Ta0.02676W0.01317Zr0.00663;Al0.13459B0.00022C0.00605Cr0.06984Mo0.02523Nb0.01629Ni0.70122Ta0.02676W0.01317Zr0.00663;1.08;134.0;7.1;1.15;0.521;0.0528;1.84;0.156;1.22;60.3;28.6;10.0;28.0;11.2;8.89;3.35;7.58;4.56;0.852;7.85;12.0;0.559;1.18;3.39;2.74;2.71;0.598;9.74;2.07;3.98;0.606;66.5;8.76;10.6;0.991;7.34;0.664;0.979;0.291;1760.0;516.0;0.0749;41.2;-0.2544407;-0.0052973963;1629.8772;95.83626;181.62292;8.776261;30.460426;-0.6137396;0.5276661;0.59634745;0.776156;0.5539052;0.39522043;0.0100770832835714;0.951897421996402;0.55560386;0.07231218;0.07458776;0.2302629962698383;0.7733771;8.455324603675262
TAZ-8B_0;TAZ?8B;Co-based;Al0.13411B0.00022C0.00603Co0.05117Cr0.06959Mo0.02514Nb0.00974Ni0.65761Ta0.02666W0.01312Zr0.00661;Al0.13411B0.00022C0.00603Co0.05117Cr0.06959Mo0.02514Nb0.00974Ni0.65761Ta0.02666W0.01312Zr0.00661;1.24;134.0;7.04;1.15;0.521;0.0524;1.84;0.155;1.22;60.1;28.4;11.0;27.9;11.1;8.88;3.33;7.49;4.52;0.844;7.84;12.0;0.557;1.17;3.35;2.74;2.7;0.592;9.72;2.04;3.97;0.599;66.4;8.65;10.6;0.968;7.36;0.669;0.956;0.296;1750.0;509.0;-0.00872;41.2;-0.29015046;-0.0063377544;1613.2157;95.63365;181.07962;8.8536005;30.342064;-0.1253661;0.5281304;0.5942896;0.77271;0.5470337;0.38907543;0.0107321343885239;0.9594222353363204;0.5544571;0.026378721;0.073880665;0.4070732481604469;0.5623567;9.857422865098837
WAZ-20_0;WAZ?20;Co-based;Al0.14967C0.01035Ni0.76217W0.06759Zr0.01022;Al0.14967C0.01035Ni0.76217W0.06759Zr0.01022;0.768;133.0;7.68;1.17;0.526;0.0577;1.85;0.144;1.22;62.3;35.1;5.0;28.8;13.5;9.5;3.82;7.84;5.26;0.825;7.95;12.0;0.946;1.37;3.86;3.51;2.67;0.687;10.2;1.71;3.98;0.686;68.3;7.41;10.7;0.949;7.43;0.719;1.02;0.27;1730.0;596.0;0.243;43.9;-0.23516741;-0.00630459;1529.6553;91.80038;179.45056;8.9878435;31.638992;-0.2000004;0.5115636;0.4306108;0.80842865;0.5123539;0.3784934;9.510650971552972e-05;0.8176494631603616;0.5949252;0.11643621;0.033995304;0.0507976509920742;0.5986878;4.095118147686897
Alloy I_Z10_0;AlloyÃ‚Â I;Co-based;Al0.12570Co0.08380Cr0.11650Mo0.00430Ni0.62670Ta0.01640W0.02660;Al0.1257Co0.0838Cr0.1165Mo0.0043Ni0.6267Ta0.0164W0.0266;1.2;135.0;4.16;1.08;0.929;0.0309;1.83;0.128;0.66;59.4;28.3;7.0;27.6;11.0;8.97;3.33;7.26;4.4;0.81;7.81;11.9;0.602;1.13;3.08;2.84;2.71;0.548;9.62;1.96;3.96;0.548;66.0;8.36;10.6;0.796;7.35;0.598;0.942;0.289;1770.0;500.0;0.186;40.6;-0.32391322;-0.009569589;1714.6453;97.16565;195.21678;8.672299;30.909733;-0.1402521;0.49773204;0.5475631;0.78889686;0.5884937;0.40353283;0.0059942403963683;0.5349077668752262;0.6277741;0.00874747;0.05940219;0.357665637281652;0.56966984;7.284058390795331
Alloy II_Z10_0;AlloyÃ‚Â II;Co-based;Al0.12530Co0.08360Cr0.11620Mo0.00750Ni0.62460Ta0.01630W0.02650;Al0.1253Co0.0836Cr0.1162Mo0.0075Ni0.6246Ta0.0163W0.0265;1.21;135.0;4.2;1.08;0.929;0.0312;1.83;0.129;0.66;59.6;28.3;7.0;27.6;11.0;8.96;3.33;7.29;4.41;0.814;7.81;11.9;0.599;1.13;3.09;2.83;2.72;0.549;9.61;1.97;3.97;0.55;65.9;8.38;10.6;0.802;7.35;0.597;0.942;0.289;1770.0;503.0;0.191;40.6;-0.3275485;-0.009280954;1712.0137;97.16565;195.26204;8.678405;30.94018;-0.22701135;0.49761668;0.54516035;0.78974074;0.5874312;0.40304306;0.0064061107905891;0.5466751656675609;0.6280437;0.0076998696;0.05873448;0.3697261989731406;0.6115953;7.284058390795331
Alloy III_Z10_0;AlloyÃ‚Â III;Co-based;Al0.12312Co0.08208Cr0.11411Mo0.02503Ni0.61361Ta0.01602W0.02603;Al0.12312Co0.08208Cr0.11411Mo0.02503Ni0.61361Ta0.01602W0.02603;1.26;135.0;4.38;1.08;0.928;0.0325;1.84;0.135;0.66;60.2;28.4;7.0;27.9;11.0;8.9;3.32;7.42;4.49;0.834;7.83;12.0;0.589;1.13;3.17;2.81;2.74;0.556;9.55;2.01;3.99;0.562;65.7;8.51;10.6;0.834;7.35;0.593;0.938;0.287;1790.0;520.0;0.217;40.9;-0.34081256;-0.008599378;1718.8392;98.15841;196.45969;8.704481;31.07869;-0.4663341;0.49963638;0.547769;0.7935484;0.59018546;0.4009535;0.0094579053630182;0.5980650504875851;0.6233135;0.004765513;0.059459735;0.4328660706289143;0.7176163;7.284058390795331
HAYNES 1002_0;HaynesÃ‚Â 1002;Fe-based;Al0.00662C0.02975Co0.47796Cr0.25197Fe0.01600Mn0.00759Ni0.16234Si0.00848Ta0.01218Ti0.00249W0.02268Zr0.00196;Al0.00662C0.02975Co0.47795Cr0.25196Fe0.016Mn0.00759Ni0.16234Si0.00848Ta0.01218Ti0.00249W0.02268Zr0.00196;1.44;134.0;11.8;1.15;0.521;0.0881;1.83;0.168;1.22;59.6;25.1;12.0;27.2;9.72;8.49;2.74;6.89;3.63;0.811;7.74;12.1;0.488;1.13;2.89;2.57;2.94;0.393;8.45;1.94;4.0;0.525;61.1;8.19;10.6;1.03;7.64;0.798;0.75;0.231;1870.0;373.0;0.946;40.8;-0.13701376;-0.011170404;1517.176;108.69456;207.9415;8.822098;30.449774;0.6103838;0.522717;1.37449;0.7758474;0.5071562;0.39157438;0.0891772630437672;0.0320451004289062;0.5677875;0.6292432;0.7977757;0.6823099644452278;0.22780138;7.788957938344195
NX188_0;NX188;Fe-based;Al0.16960C0.00190Mo0.10731Ni0.72119;Al0.1696C0.0019Mo0.10731Ni0.72119;0.788;134.0;5.93;1.08;0.521;0.0442;1.89;0.149;0.94;57.2;17.9;4.0;26.9;7.68;8.37;2.73;7.38;3.98;0.881;7.76;11.8;0.0;0.871;2.87;0.0;2.59;0.576;10.1;1.81;3.93;0.529;68.0;7.88;10.6;0.902;7.31;0.641;0.99;0.281;1720.0;503.0;0.321;39.3;-0.26846337;-0.005072713;1696.4199;95.13953;182.90912;8.50593;30.274576;-0.043013915;0.5201464;0.42922184;0.7707285;0.58111846;0.41694918;0.14978818977016;0.96957559243215;0.5740846;0.049624648;0.03376799;0.0568609170034714;0.52149373;2.7523543054240633
