;Australia;Canada;United States;China;Russia;Mexico;Peru;South Africa;Brazil;Chile;Kazakhstan;Philippines;Argentina;Indonesia;Sweden;Zimbabwe;Democratic Republic of the Congo;Finland;Namibia;Turkey;Ghana;India;Mongolia;Ecuador;Burkina Faso;Tanzania;Papua New Guinea;Bolivia;Colombia;Kyrgyzstan;Spain;Mali;Zambia;Guinea;Saudi Arabia;Venezuela;Uzbekistan;Botswana;Cote d'Ivoire;Cuba;Guyana;Portugal;Vietnam;Iran;Serbia;Armenia;Ireland;Nicaragua;Algeria;Bulgaria;Greenland;Malaysia;Niger;Nigeria;Ukraine;Dominican Republic;Tajikistan;Cameroon;Fiji;Honduras;Mauritania;New Zealand;Egypt;Guatemala;Morocco;Norway;Panama;Romania;Slovakia;Albania;Greece;Kenya;Laos;Liberia;Senegal;Sierra Leone;Gabon;Mozambique;Myanmar;New Caledonia;Poland;United Kingdom;Azerbaijan;Czech Republic;Madagascar;Malawi;Republic of Congo;Costa Rica;El Salvador;Eritrea;Ethiopia;Georgia;Pakistan;South Korea;Sudan;Suriname;Thailand;Germany;Haiti;Italy;Afghanistan;Austria;French Guiana;Hungary;Macedonia;Oman;Solomon Islands;Burundi;France;Jamaica;North Korea;Uruguay;Yemen;Angola;Bosnia and Herzegovina;Cambodia;Central African Republic;Chad;Paraguay;Sri Lanka;Togo;Tunisia;Uganda;Aruba;Benin;Cyprus;Japan;Montenegro;Nepal;Puerto Rico;Rwanda;Swaziland;Other countries
Sc;0.11700181740320026;0.043479052585416;0.016141975937008248;0.19571096896783657;0.028541691384444207;0.0022714025137550884;0.0027856585195301107;0.056951217809147886;0.04567225158426083;0.006215269438458522;0.0022151435330207557;0.03398097993619395;7.619015601895896e-06;0.15338369995510426;0.0034843531137051147;0.0006197105396786088;0.026796518754393418;0.0;0.0;0.0016589763104534593;2.380026543632243e-06;0.03160870082915968;0.0;0.0;1.5866843624214927e-06;1.5866843624214927e-06;0.00037941561273441;5.713440330913107e-05;0.0;0.0;0.0;1.5866843624214927e-06;0.0009109827739925088;0.0;0.0;0.0;2.6444739373691654e-06;0.0;0.0;0.000418665503706933;0.0;0.0;0.0061122025758568;0.00641254453032318;0.0;0.0;0.0;0.0;0.0;0.0;0.0;0.0;0.0;0.0;0.00762024827520264;0.0;8.445907204380848e-06;0.0;0.0;0.0;0.0010374639769452402;0.0;0.0;0.0;0.0;0.018773193625845883;0.0;0.0;0.0;0.0;0.0;0.0086444007858546;0.0;0.0;0.01519318925998692;0.00480244488103036;0.0;0.0702466710325256;0.0;0.01964569233378692;0.0014253049307805523;0.0;0.0;0.0;0.014494080624449226;0.0;0.0;0.0;0.0;0.0;0.0;0.0;0.0;0.001486340315461461;0.0;0.0;0.0;0.0014623670845669242;0.0;0.0;0.0;0.0;0.0;0.0;0.0;0.0;0.0;0.0;0.0;0.0;0.0;0.0;0.0;0.0;0.0;0.0;0.0;0.0;0.0;0.0;0.0;0.0;0.0;0.0;0.0;0.0;0.0035959846341809616;0.0;0.0;0.0;0.0;0.0;0.04873643424831807
Ga;0.022717782410577956;0.04372229986142191;0.011523010358050971;0.6005483822021922;0.05563768608571219;0.0005612486390994564;0.001073979150235191;0.00018171667532341734;0.016028747918168208;3.986078859924481e-05;0.0002653845376806446;2.931172320666696e-06;3.2216666926568735e-06;2.3947845062318336e-05;0.00016600562380812809;6.215996229468359e-07;3.315915938770716e-05;0.0;0.0;2.2641199161919824e-06;5.945835100118085e-06;0.060375948625852015;0.0;0.0;3.9638900667453835e-06;3.9638900667453835e-06;0.0;0.0003718563489445735;0.0;0.0;0.0;3.9638900667453835e-06;6.631831877541423e-06;0.0;0.03933195997645679;0.0;6.606483444575666e-06;0.0;0.0;0.0;0.0;0.0;0.0;1.6172285115657019e-06;0.0;0.0;0.0;0.0;0.0;0.0;0.0;0.01427604473219542;0.0;0.0;0.0;0.0;1.6172285115657019e-06;0.0;0.0;0.0;0.0;0.0;0.0;0.0;0.0;0.02957180694526189;0.0;0.0;0.0;0.0;0.0;0.0;0.0;0.0;0.0;0.0;0.0;0.0;0.0;1.6854240843833539e-06;1.489917258885045e-05;0.0;0.0;0.0;0.0;0.0;0.0;0.0;0.0;0.0;0.0;0.0;0.0;1.0820357273883368e-05;0.0;0.0;0.0;1.064583538236914e-05;0.0;0.0;0.0;0.0;0.0;0.0;0.0;0.0;0.0;0.0;0.0;0.0;0.0;0.0;0.0;0.0;0.0;0.0;0.0;0.0;0.0;0.0;0.0;0.0;0.0;0.0;0.0;0.0;2.6178283727137233e-05;0.0;0.0;0.0;0.0;0.0;0.10344159420671548
Ge;0.08666935347686895;0.002012210980335211;0.05974659201462903;0.3285286263404537;0.028159426699530025;0.05612486390994652;0.10739791502352021;0.018171667532341798;0.0004616075908093827;0.003986078859924781;0.026538453768064678;0.0002931172320666623;0.00032216666926568723;0.002394784506231852;0.01660056238081303;6.215996229467682e-05;0.003315915938771001;0.0;0.0;0.00022641199161933546;0.0005945835100118262;0.06496390319732473;0.0;0.0;0.00039638900667455016;0.00039638900667455016;0.0;0.037185634894457704;0.0;0.0;0.0;0.00039638900667455016;0.0006631831877541993;0.0;0.0;0.0;0.0006606483444575863;0.0;0.0;0.0;0.0;0.0;0.0;0.00016172285115666817;0.0;0.0;0.0;0.0;0.0;0.0;0.0;0.0;0.0;0.0;0.0;0.0;0.00016172285115666817;0.0;0.0;0.0;0.0;0.0;0.0;0.0;0.0;0.0;0.0;0.0;0.0;0.0;0.0;0.0;0.0;0.0;0.0;0.0;0.0;0.0;0.0;0.00016854240843833113;0.0014899172588851335;0.0;0.0;0.0;0.0;0.0;0.0;0.0;0.0;0.0;0.0;0.0;0.0;0.0010820357273884297;0.0;0.0;0.0;0.0010645835382370056;0.0;0.0;0.0;0.0;0.0;0.0;0.0;0.0;0.0;0.0;0.0;0.0;0.0;0.0;0.0;0.0;0.0;0.0;0.0;0.0;0.0;0.0;0.0;0.0;0.0;0.0;0.0;0.0;0.0026178283727139482;0.0;0.0;0.0;0.0;0.0;0.1469846119605069
Zr;0.0654878847413229;0.0545732372844357;0.0218292949137743;0.338354071163501;0.0;0.0;0.0;0.120061122025759;0.005893909626719;0.0;0.0;0.0;0.0;0.0;0.0;0.0;0.0;0.0;0.0;0.0;0.0;0.0243396638288583;0.0;0.0;0.0;0.0;0.0;0.0;0.0;0.0;0.0;0.0;0.0;0.0;0.0;0.0;0.0;0.0;0.0;0.0;0.0;0.0;0.015280506439642;0.0;0.0;0.0;0.0;0.0;0.0;0.0;0.0;0.0;0.0;0.0;0.0120061122025759;0.0;0.0;0.0;0.0;0.0;0.0;0.0;0.0;0.0;0.0;0.0469329840646147;0.0;0.0;0.0;0.0;0.0;0.0216110019646365;0.0;0.0;0.0379829731499673;0.0120061122025759;0.0;0.175616677581314;0.0;0.0;0.0;0.0;0.0;0.0;0.0349268718620389;0.0;0.0;0.0;0.0;0.0;0.0;0.0;0.0;0.0;0.0;0.0;0.0;0.0;0.0;0.0;0.0;0.0;0.0;0.0;0.0;0.0;0.0;0.0;0.0;0.0;0.0;0.0;0.0;0.0;0.0;0.0;0.0;0.0;0.0;0.0;0.0;0.0;0.0;0.0;0.0;0.0;0.0;0.0;0.0;0.0;0.0;0.0;0.0130975769482646
Ru;0.008910622798338867;0.03521144904299477;0.014227171007797032;0.006126053173857963;0.11646572633098905;0.0;0.0;0.5495345104333871;0.004956533931575999;0.0;0.0;0.02227655699584712;0.0;0.10024450648131232;0.0;0.08700963081861993;0.0;0.0;0.0;0.0;0.0;0.0;0.0;0.0;0.0;0.0;0.0;0.0;0.0;0.0;0.0;0.0;0.0;0.0;0.0;0.0;0.0;0.0;0.0;0.0;0.0;0.0;0.0;0.0;0.0;0.0;0.0;0.0;0.0;0.0;0.0;0.0;0.0;0.0;0.0;0.0;0.0;0.0;0.0;0.0;0.0;0.0;0.0;0.0;0.0;0.0;0.0;0.0;0.0;0.0;0.0;0.0;0.0;0.0;0.0;0.0;0.0;0.0;0.0;0.01280902027261212;0.0;0.0;0.0;0.0;0.0;0.0;0.0;0.0;0.0;0.0;0.0;0.0;0.0;0.0;0.0;0.0;0.0;0.0;0.0;0.0;0.0;0.0;0.0;0.0;0.0;0.0;0.0;0.0;0.0;0.0;0.0;0.0;0.0;0.0;0.0;0.0;0.0;0.0;0.0;0.0;0.0;0.0;0.0;0.0;0.0;0.0;0.0;0.0;0.0;0.0;0.0;0.0;0.04222821871266794
Rh;0.012616030298638196;0.036784526862853995;0.013252331228861132;0.008673520830313749;0.11024355312209357;0.0;0.0;0.49290529695024093;0.007017666853617503;0.0;0.0;0.031540075746595425;0.0;0.14193034085967982;0.0;0.07804333868378842;0.0;0.0;0.0;0.0;0.0;0.0;0.0;0.0;0.0;0.0;0.0;0.0;0.0;0.0;0.0;0.0;0.0;0.0;0.0;0.0;0.0;0.0;0.0;0.0;0.0;0.0;0.0;0.0;0.0;0.0;0.0;0.0;0.0;0.0;0.0;0.0;0.0;0.0;0.0;0.0;0.0;0.0;0.0;0.0;0.0;0.0;0.0;0.0;0.0;0.0;0.0;0.0;0.0;0.0;0.0;0.0;0.0;0.0;0.0;0.0;0.0;0.0;0.0;0.018135543554292404;0.0;0.0;0.0;0.0;0.0;0.0;0.0;0.0;0.0;0.0;0.0;0.0;0.0;0.0;0.0;0.0;0.0;0.0;0.0;0.0;0.0;0.0;0.0;0.0;0.0;0.0;0.0;0.0;0.0;0.0;0.0;0.0;0.0;0.0;0.0;0.0;0.0;0.0;0.0;0.0;0.0;0.0;0.0;0.0;0.0;0.0;0.0;0.0;0.0;0.0;0.0;0.0;0.048857775009024905
Cd;0.08666935347686895;0.002012210980335211;0.05974659201462903;0.3285286263404537;0.028159426699530025;0.05612486390994652;0.10739791502352021;0.018171667532341798;0.0004616075908093827;0.003986078859924781;0.026538453768064678;0.0002931172320666623;0.00032216666926568723;0.002394784506231852;0.01660056238081303;6.215996229467682e-05;0.003315915938771001;0.0;0.0;0.00022641199161933546;0.0005945835100118262;0.06496390319732473;0.0;0.0;0.00039638900667455016;0.00039638900667455016;0.0;0.037185634894457704;0.0;0.0;0.0;0.00039638900667455016;0.0006631831877541993;0.0;0.0;0.0;0.0006606483444575863;0.0;0.0;0.0;0.0;0.0;0.0;0.00016172285115666817;0.0;0.0;0.0;0.0;0.0;0.0;0.0;0.0;0.0;0.0;0.0;0.0;0.00016172285115666817;0.0;0.0;0.0;0.0;0.0;0.0;0.0;0.0;0.0;0.0;0.0;0.0;0.0;0.0;0.0;0.0;0.0;0.0;0.0;0.0;0.0;0.0;0.00016854240843833113;0.0014899172588851335;0.0;0.0;0.0;0.0;0.0;0.0;0.0;0.0;0.0;0.0;0.0;0.0;0.0010820357273884297;0.0;0.0;0.0;0.0010645835382370056;0.0;0.0;0.0;0.0;0.0;0.0;0.0;0.0;0.0;0.0;0.0;0.0;0.0;0.0;0.0;0.0;0.0;0.0;0.0;0.0;0.0;0.0;0.0;0.0;0.0;0.0;0.0;0.0;0.0026178283727139482;0.0;0.0;0.0;0.0;0.0;0.1469846119605069
In;0.07518059101704176;0.00231178456860217;0.04962146672427514;0.3192736615871536;0.025966958477189328;0.046009439054025505;0.09857380352299545;0.014928640219646482;0.00961951960948549;0.006685486039670782;0.02209926364300465;0.0005252459076173179;0.0002642244162778039;0.029623728263048137;0.013349240953202127;0.00010121172756536439;0.01570289136852666;0.0;0.0;0.00019038203602111562;0.00047917744930239814;0.052237865294911694;0.0;0.0;0.0003194516328682649;0.0003194516328682649;0.0;0.03891768979043337;0.0;0.0;0.0;0.0003194516328682649;0.0011930075181639356;0.0;0.0;0.0;0.000532419388113777;0.0;0.0;0.0;0.0;0.0;0.0026547457074575973;0.00013598716858651116;0.0;0.0;0.0;0.0;0.0;0.0;0.0;0.003055462040658755;0.0;0.004081971481565152;0.0;0.0;0.00013598716858651116;0.0;0.0;0.0;0.0;0.0;0.0;0.0;0.0;0.0;0.0;0.0;0.0;0.0;0.0;0.0;0.00115205945795329;0.0;0.0;0.0;0.0;0.0;0.027048352491077527;0.0003020163968799584;0.002229764598448388;0.0;0.0;0.0;0.0;0.0;0.0;0.0;0.0;0.0;0.0;0.0;0.0;0.0019464859506885257;0.0;0.0;0.0;0.0019150910160000045;0.0;0.0;0.0;0.0;0.0;0.0;0.0;0.0;0.0;8.089726222973416e-06;0.0;0.0;0.0;0.0;0.0;0.0;0.0;0.0;0.0;0.0;0.0;0.0;0.0;0.0;0.0;0.0;0.0;0.0;0.0047092402032787;0.0;0.0;0.0;0.002020472521578012;0.0;0.12425822059613865
Te;0.02557409875251956;0.012339987973257433;0.03403418201102831;0.4247127677848876;0.039207076311482014;0.02132095659510879;0.019383436007520894;0.006106006018208019;0.0014743195824363233;0.0626707808502728;0.014280664378445586;0.005195430899974818;0.00010025443389849167;0.030490471303474237;0.0014855179036235224;0.0009194485962662877;0.05950257033493014;0.0;0.0;0.0012349102142680105;3.326697391780358e-05;0.004936811726138096;1.4343107387661836e-05;0.0;2.2177982611869016e-05;2.2177982611869016e-05;0.0;0.002702550657076876;0.0;0.0;0.00012345976126299546;2.2177982611869016e-05;0.011837704910119802;0.0;0.0;0.0;4.4828879372155455e-05;0.0;0.0;0.0;0.0;4.115325375433182e-05;0.00037368832534582933;0.0008991979171656501;0.0;3.608910891089109e-05;0.0;0.0;0.0;1.2755102040816e-05;0.0;9.853865081124306e-05;0.0;0.00013164358028047385;0.0;0.0;0.0008820787244771505;0.0;0.0;0.0;0.0;0.0;0.0;0.0;0.0;0.0;0.0;0.0;0.0;0.0;0.0;0.0;0.000547357999151648;0.0;0.0;0.0;0.0;0.0;0.0008723093678372343;0.002987372767485526;0.018522815085567326;0.0;0.0;0.0;0.0;0.0;0.0;0.0;0.0;0.0;0.0;0.0;0.0;0.019532837574739014;0.0;0.0;0.0;0.01900263156624497;0.0;0.0;0.0;7.489892183288439e-05;0.0;0.0;0.0;0.0;0.0;2.6089367069091856e-07;0.0;0.0;0.0001431598289490394;0.0;0.0;0.0;0.0;0.0;0.0;0.0;0.0;0.0;0.0;0.0;0.0;0.0;0.0;0.0;0.04685533356035482;0.0;0.0;0.0;0.00018038934933301963;0.0;0.10901310850733253
Hf;0.0654878847413229;0.0545732372844357;0.0218292949137743;0.338354071163501;0.0;0.0;0.0;0.120061122025759;0.005893909626719;0.0;0.0;0.0;0.0;0.0;0.0;0.0;0.0;0.0;0.0;0.0;0.0;0.0243396638288583;0.0;0.0;0.0;0.0;0.0;0.0;0.0;0.0;0.0;0.0;0.0;0.0;0.0;0.0;0.0;0.0;0.0;0.0;0.0;0.0;0.015280506439642;0.0;0.0;0.0;0.0;0.0;0.0;0.0;0.0;0.0;0.0;0.0;0.0120061122025759;0.0;0.0;0.0;0.0;0.0;0.0;0.0;0.0;0.0;0.0;0.0469329840646147;0.0;0.0;0.0;0.0;0.0;0.0216110019646365;0.0;0.0;0.0379829731499673;0.0120061122025759;0.0;0.175616677581314;0.0;0.0;0.0;0.0;0.0;0.0;0.0349268718620389;0.0;0.0;0.0;0.0;0.0;0.0;0.0;0.0;0.0;0.0;0.0;0.0;0.0;0.0;0.0;0.0;0.0;0.0;0.0;0.0;0.0;0.0;0.0;0.0;0.0;0.0;0.0;0.0;0.0;0.0;0.0;0.0;0.0;0.0;0.0;0.0;0.0;0.0;0.0;0.0;0.0;0.0;0.0;0.0;0.0;0.0;0.0;0.0130975769482646
Re;0.013087287132126623;0.009818108319093062;0.06962442105986326;0.42043080602194743;0.02675036770243888;0.033333573825917215;0.06389138599879775;0.004091382088502357;0.0007975847563046687;0.10949793424731347;0.009583921047456527;0.003521835207926655;6.711264314471843e-05;0.02009728021115888;0.00023025479946344937;0.0006232405914036076;0.04012228417455587;0.0;0.0;0.0001041549276444254;2.0964633811478264e-05;0.00087116752941463;0.004526047220106624;0.0;1.3976422540985487e-05;1.3976422540985487e-05;0.0;0.0005032724725773406;0.0;0.0;0.0;1.3976422540985487e-05;0.008024456834911162;0.0;0.0;0.0;0.002505319932465463;0.0;0.0;0.0;0.0;0.0;0.0;0.005476452736370981;0.0;0.011388118811881188;0.0;0.0;0.0;0.0;0.0;0.0;0.0;0.0;0.0;0.0;7.439637688887529e-05;0.0;0.0;0.0;0.0;0.0;0.0;0.0;0.0;0.0;0.0;0.0;0.0;0.0;0.0;0.0;0.0;0.0;0.0;0.0;0.0;0.0;0.0;0.002025055244557831;0.012554900290275584;0.0;0.0;0.0;0.0;0.0;0.0;0.0;0.0;0.0;0.0;0.0;0.0;0.013676540928824654;0.0;0.0;0.0;0.012881364919199514;0.0;0.0;0.0;0.0;0.0;0.0;0.0;0.0;0.0;0.0;0.0;0.0;0.0010220106626046969;0.0;0.0;0.0;0.0;0.0;0.0;0.0;0.0;0.0;0.0;0.0;0.0;0.0;0.0;0.0;0.03167548750622832;0.0;0.0;0.0;0.0;0.0;0.06705957987719927
Ir;0.008910622798338867;0.03521144904299477;0.014227171007797032;0.006126053173857963;0.11646572633098905;0.0;0.0;0.5495345104333871;0.004956533931575999;0.0;0.0;0.02227655699584712;0.0;0.10024450648131232;0.0;0.08700963081861993;0.0;0.0;0.0;0.0;0.0;0.0;0.0;0.0;0.0;0.0;0.0;0.0;0.0;0.0;0.0;0.0;0.0;0.0;0.0;0.0;0.0;0.0;0.0;0.0;0.0;0.0;0.0;0.0;0.0;0.0;0.0;0.0;0.0;0.0;0.0;0.0;0.0;0.0;0.0;0.0;0.0;0.0;0.0;0.0;0.0;0.0;0.0;0.0;0.0;0.0;0.0;0.0;0.0;0.0;0.0;0.0;0.0;0.0;0.0;0.0;0.0;0.0;0.0;0.01280902027261212;0.0;0.0;0.0;0.0;0.0;0.0;0.0;0.0;0.0;0.0;0.0;0.0;0.0;0.0;0.0;0.0;0.0;0.0;0.0;0.0;0.0;0.0;0.0;0.0;0.0;0.0;0.0;0.0;0.0;0.0;0.0;0.0;0.0;0.0;0.0;0.0;0.0;0.0;0.0;0.0;0.0;0.0;0.0;0.0;0.0;0.0;0.0;0.0;0.0;0.0;0.0;0.0;0.04222821871266794
Pd;0.02648484122832998;0.04405393048013823;0.010530231155546087;0.018208328344476835;0.09637760797364173;0.0;0.0;0.2706935821748239;0.014732192933258564;0.0;0.0;0.0662121030708248;0.0;0.2979544638187125;0.0;0.04340582202029561;0.0;0.0;0.0;0.0;0.0;0.0;0.0;0.0;0.0;0.0;0.0;0.0;0.0;0.0;0.0;0.0;0.0;0.0;0.0;0.0;0.0;0.0;0.0;0.0;0.0;0.0;0.0;0.0;0.0;0.0;0.0;0.0;0.0;0.0;0.0;0.0;0.0;0.0;0.0;0.0;0.0;0.0;0.0;0.0;0.0;0.0;0.0;0.0;0.0;0.0;0.0;0.0;0.0;0.0;0.0;0.0;0.0;0.0;0.0;0.0;0.0;0.0;0.0;0.03807195926572434;0.0;0.0;0.0;0.0;0.0;0.0;0.0;0.0;0.0;0.0;0.0;0.0;0.0;0.0;0.0;0.0;0.0;0.0;0.0;0.0;0.0;0.0;0.0;0.0;0.0;0.0;0.0;0.0;0.0;0.0;0.0;0.0;0.0;0.0;0.0;0.0;0.0;0.0;0.0;0.0;0.0;0.0;0.0;0.0;0.0;0.0;0.0;0.0;0.0;0.0;0.0;0.0;0.07327493753422731
La;0.28636179303126336;0.021339102508064256;0.031602742309264874;0.1916701344147639;0.02836771712842627;0.0035753911645137505;0.006896493617745004;0.02191130345076154;0.13210263020641377;0.005161346058194152;0.0041318186642688185;3.49464445603911e-07;7.0942457094129e-08;0.0017637575426116957;0.012661606168667799;6.393200963863754e-08;0.0006625803520937587;0.0;0.0;0.004688282846137807;1.2245848743849947e-07;0.08164834121811153;0.0;0.0;8.163899162566618e-08;8.163899162566618e-08;0.0;0.0006173825191466268;0.0;0.0;0.0;8.163899162566618e-08;7.952998694257856e-07;0.0;0.0;0.0;1.3606498604277752e-07;0.0;0.0;0.0;0.0;0.0;0.0008890984669526377;0.023441180450485738;0.0;0.0;0.0;0.0;0.0;0.0;0.0;0.0002397733573128438;0.0;0.00027607748133528923;0.010676420897035306;0.0;3.8963367215361426e-08;0.0;0.0;0.0;0.0037974649209131807;0.0;0.0;0.0;0.0;0.0014163365123849448;0.0;0.0;0.0;0.0;0.0;0.0006521735568656247;7.791766182998655e-05;0.0;0.0011462444332789802;0.0003623186427031268;0.0;0.005299733600993896;0.01756240063074988;2.0094205622224923e-07;1.3361540592805213e-06;0.0;0.0;0.0;0.0014514838765860329;0.0;0.0;0.0;0.0;0.0;0.0;0.0;0.0;1.2975945237999652e-06;0.0;0.0;0.002939592342729145;1.2766655798677103e-06;0.0;0.0;0.0;0.0;0.0;0.0;0.0;0.0;0.0;5.471354345362595e-07;0.0;0.0;0.0;0.0;0.0;0.0;0.0;0.0;0.0;0.0;0.0;0.0;0.0;0.0;0.0;0.0;0.0;0.0;3.1393415898386322e-06;0.0;0.0;0.0;0.00013665136255448337;0.0;0.013136843399330054
As;0.05418136505481186;0.016065611964315617;0.033391121914734326;0.2963877766736779;0.04015891496247127;0.027041666442303786;0.08151724590227062;0.010115287884123166;0.014172216780024035;0.016680379918141284;0.013540223296491138;0.01021018941702296;8.648803713938848e-05;0.0789581177920132;0.0049807802066660686;0.0004545870011121218;0.0426673939193427;0.0;0.0;0.00250573382824214;0.003927312905256969;0.01783065618435117;0.0;0.0;0.002618208603504642;0.002618208603504642;0.0002902529437418224;0.01830861739489124;0.0;0.0;0.0;0.002618208603504642;0.003143991065898404;0.0;0.0;0.0;0.0043636810058410875;0.0;0.0;0.00032027911033580237;0.0;0.0;0.0027078406216067483;0.0015896354333559378;0.0;0.0;0.0;0.0;0.0;0.0;0.0;0.0031165712814719294;0.0;0.004163610911196454;0.0;0.0;0.0015896354333559378;0.0;0.0;0.0;0.0;0.0;0.0;0.0;0.010889774236387754;0.0;0.0;0.0;0.0;0.0;0.0;0.0;0.0011751006471123553;0.0;0.0;0.0;0.0;0.0;0.02758931954089907;0.005952430000701863;0.005005014151612817;0.0;0.0;0.0;0.00040034888791975353;0.0;0.0;0.0;0.0;0.0;0.0;0.0;0.0;0.005129669633834236;0.0;0.0;0.0;0.006408154806385394;0.0;0.0;0.0;0.0;0.0;0.0;0.0;0.0;0.0;8.251520747432884e-06;0.0;0.0;0.0;0.0;0.0;0.0;0.0;0.0;0.0;0.0;0.0;0.0;0.0;0.0;0.0;0.0;0.0;0.0;0.012464939920780915;0.0;0.0;0.0;0.0020608819720095714;0.0;0.10759430358488671
Bi;0.057212498018211114;0.0020290545003826543;0.038578553783119626;0.49089144614935465;0.032226742400644895;0.034799330147652484;0.04323458812145449;0.0014427294989480558;0.006115265775674435;0.013860059751431692;0.0037320753790645177;0.000797748217886291;2.4362750017122124e-05;0.021373261590495397;0.00810880065484958;0.00014147100662204856;0.015368534432748528;0.0;0.0;0.007606730784106875;2.190345839034866e-05;0.025887977800478953;0.0002868621477532367;0.0;1.4602305593565747e-05;1.4602305593565747e-05;0.0;0.019419128313813313;0.0;0.0;0.0024691952252599092;1.4602305593565747e-05;0.0018175237492255075;0.0;0.0;0.0;0.00018164867637008187;0.0;0.0;0.0;0.0;0.0008230650750866364;0.007473766506916619;0.005775762985274903;0.0;0.0007217821782178217;0.0;0.0;0.0;0.00025510204081632;0.0;0.0019707730162248967;0.0;0.00263287160560952;0.0;0.0;0.005433379131504911;0.0;0.0;0.0;0.0;0.0;0.0;0.0;0.0;0.0;0.0;0.0;0.0;0.0;0.0;0.0;0.010947159983032972;0.0;0.0;0.0;0.0;0.0;0.017446187356745;0.0004587052252846182;0.0028567486971302312;0.0;0.0;0.0;0.0;0.0;0.0;0.0;0.0;0.0;0.0;0.0;0.0;0.007339182650133844;0.0;0.0;0.0;0.002917603913230424;0.0;0.0;0.0;0.001497978436657688;0.0;0.0;0.0;0.0;0.0;5.217873413817106e-06;0.0;0.0;0.002863196578980788;0.0;0.0;0.0;0.0;0.0;0.0;0.0;0.0;0.0;0.0;0.0;0.0;0.0;0.0;0.0;0.009725456260369232;0.0;0.0;0.0;0.0036077869866603966;0.0;0.08757697424797259
Co;0.032079504718163954;0.03119588580945223;0.014153620604854089;0.16265003000897307;0.04820960406164993;0.006489897615205336;0.005602964387596226;0.008100878020558895;0.01272138052956986;0.02403183870686204;0.0054401108767593;0.05962491455301369;3.809507800949006e-05;0.2706585666997176;0.00013069928610477807;0.001268697160672326;0.1339825937719671;0.0;0.0;0.001890782929148496;1.190013271816084e-05;0.0004944998950618171;0.0;0.0;7.933421812107214e-06;7.933421812107214e-06;0.00189707806367205;0.0002856720165456814;0.0;0.0;0.0;7.933421812107214e-06;0.004554913869962547;0.0;0.0;0.0;1.3222369686845411e-05;0.0;0.0;0.002093327518534665;0.0;0.0;0.0;4.2229536021904236e-05;0.0;0.0;0.0;0.0;0.0;0.0;0.0;0.0;0.0;0.0;0.0;0.0;4.2229536021904236e-05;0.0;0.0;0.0;0.0;0.0;0.0;0.0;0.0;0.0;0.0;0.0;0.0;0.0;0.0;0.0;0.0;0.0;0.0;0.0;0.0;0.0;0.0;0.034817470220359734;0.007126524653902781;0.0;0.0;0.0;0.002616659398168335;0.0;0.0;0.0;0.0;0.0;0.0;0.0;0.0;0.00743170157730731;0.0;0.0;0.0;0.007311835422834626;0.0;0.0;0.0;0.0;0.0;0.0;0.0;0.0;0.0;0.0;0.0;0.0;0.0;0.0;0.0;0.0;0.0;0.0;0.0;0.0;0.0;0.0;0.0;0.0;0.0;0.0;0.0;0.0;0.01797992317090482;0.0;0.0;0.0;0.0;0.0;0.0949869475345813
Sm;0.21947940739355137;0.01539162535322157;0.0547755568514151;0.31547157391069697;0.022308284434052063;0.002567827422443049;0.0044981628489327175;0.015831016936038694;0.09484086271148078;0.003714753903401637;0.0029721747885456877;4.737149031597469e-08;9.616571761451807e-09;0.00023908533300195993;0.009117062776525933;8.666273818625122e-09;8.981577132553081e-05;0.0;0.0;0.00337652712707521;1.6599803284070803e-08;0.060966086798689555;0.0;0.0;1.106653552271385e-08;1.106653552271385e-08;0.0;8.368900011120041e-05;0.0;0.0;0.0;1.106653552271385e-08;1.07806503742302e-07;0.0;0.0;0.0;1.8444225871189826e-08;0.0;0.0;0.0;0.0;0.0;0.0009887549490558947;0.01688260394540937;0.0;0.0;0.0;0.0;0.0;0.0;0.0;0.0001114272520280681;0.0;3.7423554521927695e-05;0.0076945478266272835;0.0;5.281661112994216e-09;0.0;0.0;0.0;0.0027349809835272034;0.0;0.0;0.0;0.0;0.001040617256986836;0.0;0.0;0.0;0.0;0.0;0.00047916794624044935;1.0562092393817045e-05;0.0;0.0008421739661195803;0.0002662044145780289;0.0;0.0038938445732367875;0.03986998396472825;2.72386069316855e-08;1.8112174178542272e-07;0.0;0.0;0.0;0.00177538979577748;0.0;0.0;0.0;0.0;0.0;0.0;0.0;0.0;1.7589482189533475e-07;0.0;0.0;0.007403058717622654;1.7305780863895873e-07;0.0;0.0;0.0;0.0;0.0;0.0;0.0;0.0;0.0;7.416668924322453e-08;0.0;0.0;0.0;0.0;0.0;0.0;0.0;0.0;0.0;0.0;0.0;0.0;0.0;0.0;0.0;0.0;0.0;0.0;4.2555198845645595e-07;0.0;0.0;0.0;1.8523711866389494e-05;0.0;0.009418309315894479
Sb;0.06026904083512775;0.0042321283531845015;0.0331181892143171;0.42874852181795664;0.042544547709240335;0.04281346713661889;0.04203633038715444;0.0031771294871382563;0.006338491047161676;0.007343310137123369;0.007073303031664171;0.0003995602098976435;0.001698475546699203;0.01900942533944534;0.006928246111635122;9.629677630895295e-05;0.010076793458669075;0.0;0.0;0.020443574144405337;0.001476830695220945;0.023742503898457223;0.0;0.0;0.0009845537968139616;0.0009845537968139616;0.0;0.026548862885748373;0.0;0.0;0.0021948402002310284;0.0009845537968139616;0.0008987514585567497;0.0;0.0;0.0;0.052147428347803344;0.0;0.0;0.0;0.0;0.0007316134000770095;0.007243472832111901;0.005514948452837684;0.0;0.0;0.0;0.0;0.0;0.0;0.0;0.0017517982366443534;0.0;0.002340330316097353;0.0;0.0;0.0043146988009100835;0.0;0.0;0.0;0.0;0.0;0.0;5.761198329252e-05;0.0;0.0;0.0;0.0;0.0;0.0;0.0;0.0;0.001188623936074693;0.0;0.0;0.0;0.0;0.0;0.026550018892618373;0.00022974712069114548;0.003821823534321933;0.0;0.0;0.0;0.0;0.0;0.0;0.0;0.0;0.0;0.0;0.0;0.0001920399443084;0.001466383958697854;0.0;0.0;0.0;0.0014427326045253108;0.0;0.0;0.0;0.0013315363881401658;0.0;0.0;0.0;0.0;0.0;4.638109701170926e-06;0.0;0.0;0.0024874855602618415;0.0;0.0;0.0;0.0;0.0;0.0;0.0;0.0;0.0;0.0;0.0;0.0;0.0;0.0;0.0;0.0035477031258819122;0.0;0.0;0.0;0.0032069217659203538;0.0;0.0862661614166779
V;0.24068896265475712;0.022242478623635164;0.012621138387897258;0.30523463076353025;0.07841958442419694;0.003066282420749226;0.005244956772334272;0.037715546645505305;0.13036955592106605;0.004438040345821278;0.0035504322766570355;0.0;0.0;0.0;0.010893371757925104;0.0;0.0;0.0;0.0;0.004034582132564844;0.0;0.07582744893164851;0.0;0.0;0.0;0.0;0.0;0.0;0.0;0.0;0.0;0.0;0.0;0.0;0.00476751030017658;0.0;0.0;0.0;0.0;0.0;0.0;0.0;0.0;0.020172910662824218;0.0;0.0;0.0;0.0;0.0;0.0;0.0;0.0017304296645085358;0.0;0.0;0.008876080691642682;0.0;0.0;0.0;0.0;0.0;0.003268011527377506;0.0;0.0;0.0;0.0;0.0035844614479105317;0.0;0.0;0.0;0.0;0.0;0.0;0.0;0.0;0.0;0.0;0.0;0.0;0.0;0.0;0.0;0.0;0.0;0.0;0.0;0.0;0.0;0.0;0.0;0.0;0.0;0.0;0.0;0.0;0.0;0.0;0.0;0.0;0.0;0.0;0.0;0.0;0.0;0.0;0.0;0.0;0.0;0.0;0.0;0.0;0.0;0.0;0.0;0.0;0.0;0.0;0.0;0.0;0.0;0.0;0.0;0.0;0.0;0.0;0.0;0.0;0.0;0.0;0.0;0.0;0.0;0.0;0.023253583647271824
Ce;0.2595776367393828;0.019925608650048332;0.015132578029836445;0.09700964941519169;0.025366748516551036;0.0033057676863869684;0.005656720540149047;0.020609207644364975;0.12197511896081971;0.004784626964106206;0.003827709009480832;9.480517166752076e-10;1.924576851216407e-10;4.784845460264909e-06;0.01174406496307782;1.7343925040404135e-10;1.7974945610052717e-06;0.0;0.0;0.004349650432088512;3.322139940070042e-10;0.07483763381048908;0.0;0.0;2.2147599600466908e-10;2.2147599600466908e-10;0.0;1.67487870221175e-06;0.0;0.0;0.0;2.2147599600466908e-10;2.1575453982957234e-09;0.0;0.0;0.0;3.691266600077833e-10;0.0;0.0;0.0;0.0;0.0;0.0004964306612605108;0.021748251526227187;0.0;0.0;0.0;0.0;0.0;0.0;0.0;4.822367935940378e-06;0.0;7.489624006327236e-07;0.00993378668628478;0.0;1.0570256185041926e-10;0.0;0.0;0.0;0.0035232167301249705;0.0;0.0;0.0;0.0;0.0014250827849016804;0.0;0.0;0.0;0.0;0.0;0.0006562009102570517;2.1138051091172427e-07;0.0;0.001153322811966943;0.00036455606125391967;0.0;0.005332460932341402;0.002029294124886471;5.451297370882454e-10;3.6248126685802927e-09;0.0;0.0;0.0;0.0011116677243578727;0.0;0.0;0.0;0.0;0.0;0.0;0.0;0.0;3.5202056498509156e-09;0.0;0.0;0.0003782303177518577;3.463428139369456e-09;0.0;0.0;0.0;0.0;0.0;0.0;0.0;0.0;0.0;1.4843074724513006e-09;0.0;0.0;0.0;0.0;0.0;0.0;0.0;0.0;0.0;0.0;0.0;0.0;0.0;0.0;0.0;0.0;0.0;0.0;8.516626572219974e-09;0.0;0.0;0.0;3.7071742343317376e-07;0.0;0.012141979461249173
Ag;0.06084800186966856;0.009776276485746154;0.04621767795368978;0.2907690821872141;0.04578216596925898;0.10248268329992913;0.07233797872593246;0.008493050308564733;0.0021902376735784203;0.0344741462865318;0.024362522248645845;0.0015320787876109557;0.010540590845981334;0.012110615074763095;0.005862210945463354;0.00031910806954266695;0.017344960043463295;0.0;0.0;0.002614455509466307;0.0027740252150024766;0.028904947558378906;0.0;0.0;0.0018493501433349815;0.0018493501433349815;0.0;0.024494760141792114;0.0;0.0;0.0;0.0018493501433349815;0.003468992008692654;0.0;0.0;0.0;0.003082250238891648;0.0;0.0;0.0;0.0;0.0;0.0;0.0018674682210473622;0.0;0.0;0.0;0.0;0.0;0.0;0.0;0.0;0.0;0.0;0.0;0.0;0.0018674682210473622;0.0;0.0;0.0;0.0;0.0;0.0;0.0;0.0;0.0;0.0;0.0;0.0;0.0;0.0;0.0;0.0;0.0;0.0;0.0;0.0;0.0;0.0;0.0008809453028763012;0.02044405346264274;0.0;0.0;0.0;0.0;0.0;0.0;0.0;0.0;0.0;0.0;0.0;0.0;0.0056599343299722224;0.0;0.0;0.0;0.005568645066585584;0.0;0.0;0.0;0.0;0.0;0.0;0.0;0.0;0.0;0.0;0.0;0.0;0.0;0.0;0.0;0.0;0.0;0.0;0.0;0.0;0.0;0.0;0.0;0.0;0.0;0.0;0.0;0.0;0.013693389507997339;0.0;0.0;0.0;0.0;0.0;0.13368722801001692
Mo;0.010247038932343555;0.00829171922898541;0.08482474567152685;0.4200389851591816;0.021600639584492674;0.039374971954372125;0.08344919689004547;0.0030522798584351088;0.0005950194419399078;0.12617723847714174;0.007149860009455079;0.0026273827370195567;5.0067816812471854e-05;0.014993105574331938;0.0001717762045948514;0.00046495405781002294;0.02993229114546821;0.0;0.0;7.770234628030313e-05;1.564017442958189e-05;0.0006499141477955318;0.006374714394516372;0.0;1.0426782953054574e-05;1.0426782953054574e-05;0.0;0.0003754546503171813;0.0;0.0;0.0;1.0426782953054574e-05;0.005986458229093633;0.0;0.0;0.0;0.003513189091161881;0.0;0.0;0.0;0.0;0.0;0.0;0.007664031759692117;0.0;0.01603960396039604;0.0;0.0;0.0;0.0;0.0;0.0;0.0;0.0;0.0;0.0;5.550167591450224e-05;0.0;0.0;0.0;0.0;0.0;0.0;0.0;0.0;0.0;0.0;0.0;0.0;0.0;0.0;0.0;0.0;0.0;0.0;0.0;0.0;0.0;0.0;0.0015107450737862481;0.009366289545129367;0.0;0.0;0.0;0.0;0.0;0.0;0.0;0.0;0.0;0.0;0.0;0.0;0.010589923008730419;0.0;0.0;0.0;0.009609840841439793;0.0;0.0;0.0;0.0;0.0;0.0;0.0;0.0;0.0;0.0;0.0;0.0;0.0014394516374714042;0.0;0.0;0.0;0.0;0.0;0.0;0.0;0.0;0.0;0.0;0.0;0.0;0.0;0.0;0.0;0.023630756167474905;0.0;0.0;0.0;0.0;0.0;0.0500282302035544
Y;0.11320937756607954;0.005668087626339333;0.09579272984691184;0.5380814111928192;0.012866921138544403;0.0009561196635252173;0.0016884505461635473;0.005757705601120852;0.03545014375974621;0.001382936991684397;0.0011065356702279904;2.3716840675773032e-08;4.814598375356132e-09;0.00011969960651225719;0.003393996304531389;4.338825610889506e-09;4.496684238749514e-05;0.0;0.0;0.0012569541664081978;8.310798058314806e-09;0.027754985515652045;0.0;0.0;5.540532038876529e-09;5.540532038876529e-09;0.0;4.1899435054984415e-05;0.0;0.0;0.0;5.540532038876529e-09;5.3974018043635144e-08;0.0;0.0;0.0;9.234220064794253e-09;0.0;0.0;0.0;0.0;0.0;0.0014063959290346432;0.006284754966255772;0.0;0.0;0.0;0.0;0.0;0.0;0.0;0.00018540477078298493;0.0;1.8736342770671037e-05;0.0028508235732047846;0.0;2.6442975360238564e-09;0.0;0.0;0.0;0.0010181298761572288;0.0;0.0;0.0;0.0;0.0003343545196686864;0.0;0.0;0.0;0.0;0.0;0.00015395859277767397;5.287979348677322e-06;0.0;0.0002705938903365187;8.553255154315267e-05;0.0;0.0012511079584812004;0.08152971426195994;1.3637183388569521e-08;9.067976253630324e-08;0.0;0.0;0.0;0.0023053835269466615;0.0;0.0;0.0;0.0;0.0;0.0;0.0;0.0;8.806287154487836e-08;0.0;0.0;0.015209986528781656;8.664250264899339e-08;0.0;0.0;0.0;0.0;0.0;0.0;0.0;0.0;0.0;3.713202900095278e-08;0.0;0.0;0.0;0.0;0.0;0.0;0.0;0.0;0.0;0.0;0.0;0.0;0.0;0.0;0.0;0.0;0.0;0.0;2.1305533438277063e-07;0.0;0.0;0.0;9.274015238463333e-06;0.0;0.0034927325210178345
Ta;0.017765269202692526;0.010741746337532068;0.000205734318892116;0.05938635821125378;0.008147692078195552;0.0001842401782492167;0.011973357134019907;6.013079822834909e-05;0.2318861622355924;6.413687491837325e-05;9.225349148817473e-05;5.218607071753548e-06;1.0593947765965548e-06;0.02633846647496853;5.061989875738662e-05;9.54706671332621e-07;0.30412585653612484;0.0;0.0;8.145844555752878e-07;1.8286916926224901e-06;0.0001980569012943701;0.0;0.0;1.219127795081658e-06;1.219127795081658e-06;0.0;0.009219469450827498;0.0;0.0;0.0;1.219127795081658e-06;1.1876336992101143e-05;0.0;0.0;0.0;2.0318796584694385e-06;0.0;0.0;0.0;0.0;0.0;0.0026812391144376657;5.818460396966341e-07;0.0;0.0;0.0;0.0;0.0;0.0;0.0;0.003085954452466004;0.0;0.0370558866689133;0.0;0.0;5.818460396966341e-07;0.0;0.0;0.0;0.0;0.0;0.0;0.0;0.0;0.0;0.0;0.0;0.0;0.0;0.0;0.0;0.0011635565968314329;0.0;0.0;0.0;0.0;0.0;0.02731828531691219;3.0006990662582956e-06;1.99529969655807e-05;0.0;0.0;0.0;0.0;0.0;0.0;0.0;0.0;0.0;0.0;0.0;0.0;1.9377181408165014e-05;0.0;0.0;0.0;1.906464622416239e-05;0.0;0.0;0.0;0.0;0.0;0.0;0.0;0.0;0.0;0.010786301630632291;0.0;0.0;0.0;0.0;0.0;0.0;0.0;0.0;0.0;0.0;0.0;0.0;0.0;0.0;0.0;0.0;0.0;0.0;4.6880277600399324e-05;0.0;0.0;0.0;0.15801564968573154;0.0;0.0793166953329924
Pt;0.007057919048189199;0.03442491013306516;0.014714590897264982;0.004852319345630068;0.11957681293543677;0.0;0.0;0.5778491171749601;0.003925967470555246;0.0;0.0;0.01764479762047296;0.0;0.07940158929212855;0.0;0.09149277688603567;0.0;0.0;0.0;0.0;0.0;0.0;0.0;0.0;0.0;0.0;0.0;0.0;0.0;0.0;0.0;0.0;0.0;0.0;0.0;0.0;0.0;0.0;0.0;0.0;0.0;0.0;0.0;0.0;0.0;0.0;0.0;0.0;0.0;0.0;0.0;0.0;0.0;0.0;0.0;0.0;0.0;0.0;0.0;0.0;0.0;0.0;0.0;0.0;0.0;0.0;0.0;0.0;0.0;0.0;0.0;0.0;0.0;0.0;0.0;0.0;0.0;0.0;0.0;0.010145758631771973;0.0;0.0;0.0;0.0;0.0;0.0;0.0;0.0;0.0;0.0;0.0;0.0;0.0;0.0;0.0;0.0;0.0;0.0;0.0;0.0;0.0;0.0;0.0;0.0;0.0;0.0;0.0;0.0;0.0;0.0;0.0;0.0;0.0;0.0;0.0;0.0;0.0;0.0;0.0;0.0;0.0;0.0;0.0;0.0;0.0;0.0;0.0;0.0;0.0;0.0;0.0;0.0;0.03891344056448946
Au;0.09130851134944314;0.05844669099746191;0.052883412513660626;0.1600012568925486;0.09352875631255003;0.037246138230436376;0.028817211721115846;0.03219914811654335;0.017164103775269782;0.00845171907667031;0.039028693810429275;0.0007842197466270538;6.898579052581479e-05;0.03551117485196276;0.00024012786234279757;0.0005809733873077977;0.007928307736683684;0.0;0.0;3.560657475403765e-05;0.025484422322467937;0.0009637065909291848;0.0;0.0;0.016989614881645264;0.016989614881645264;0.0;0.0005922748410406219;0.0;0.0;0.0;0.016989614881645264;0.0015856615473367345;0.0;0.0;0.0;0.028316024802742222;0.0;0.0;0.0;0.0;0.0;0.0;2.5433267681455464e-05;0.0;0.0;0.0;0.0;0.0;0.0;0.0;0.0;0.0;0.0;0.0;0.0;2.5433267681455464e-05;0.0;0.0;0.0;0.0;0.0;0.0;0.0;0.0;0.0;0.0;0.0;0.0;0.0;0.0;0.0;0.0;0.0;0.0;0.0;0.0;0.0;0.0;0.0004509263543105568;0.002560499321240156;0.0;0.0;0.0;0.0;0.0;0.0;0.0;0.0;0.0;0.0;0.0;0.0;0.0025871319982862496;0.0;0.0;0.0;0.002545404062830025;0.0;0.0;0.0;0.0;0.0;0.0;0.0;0.0;0.0;0.0;0.0;0.0;0.0;0.0;0.0;0.0;0.0;0.0;0.0;0.0;0.0;0.0;0.0;0.0;0.0;0.0;0.0;0.0;0.0062591903184344875;0.0;0.0;0.0;0.0;0.0;0.21341000791374812
Zn;0.08666935347686895;0.002012210980335211;0.05974659201462903;0.3285286263404537;0.028159426699530025;0.05612486390994652;0.10739791502352021;0.018171667532341798;0.0004616075908093827;0.003986078859924781;0.026538453768064678;0.0002931172320666623;0.00032216666926568723;0.002394784506231852;0.01660056238081303;6.215996229467682e-05;0.003315915938771001;0.0;0.0;0.00022641199161933546;0.0005945835100118262;0.06496390319732473;0.0;0.0;0.00039638900667455016;0.00039638900667455016;0.0;0.037185634894457704;0.0;0.0;0.0;0.00039638900667455016;0.0006631831877541993;0.0;0.0;0.0;0.0006606483444575863;0.0;0.0;0.0;0.0;0.0;0.0;0.00016172285115666817;0.0;0.0;0.0;0.0;0.0;0.0;0.0;0.0;0.0;0.0;0.0;0.0;0.00016172285115666817;0.0;0.0;0.0;0.0;0.0;0.0;0.0;0.0;0.0;0.0;0.0;0.0;0.0;0.0;0.0;0.0;0.0;0.0;0.0;0.0;0.0;0.0;0.00016854240843833113;0.0014899172588851335;0.0;0.0;0.0;0.0;0.0;0.0;0.0;0.0;0.0;0.0;0.0;0.0;0.0010820357273884297;0.0;0.0;0.0;0.0010645835382370056;0.0;0.0;0.0;0.0;0.0;0.0;0.0;0.0;0.0;0.0;0.0;0.0;0.0;0.0;0.0;0.0;0.0;0.0;0.0;0.0;0.0;0.0;0.0;0.0;0.0;0.0;0.0;0.0;0.0026178283727139482;0.0;0.0;0.0;0.0;0.0;0.1469846119605069
Hg;0.0070479674723035015;0.0016913735078263048;0.0049997120844335954;0.8095826989001782;0.0050058729212663685;0.0054449977748400715;0.02893292723534863;0.0013347921976098423;0.0004239445194290427;0.002384135285734178;0.0021515385029164157;0.00017242716620469953;0.0002212427374652897;0.001687194136341384;0.0007591241513373006;4.053315185390702e-05;0.0019415737513058932;0.0;0.0;0.00034192678255207;0.0005783692124227463;0.0028732449547468285;0.0;0.0;0.0003855794749484969;0.0003855794749484969;0.0;0.0016605811351701983;0.0;0.0;0.0;0.0003855794749484969;0.00038831475026117806;0.0;0.0;0.0;0.005305844893480597;0.0;0.0;0.0;0.0;0.0;0.0;0.0002442334161086214;0.0;0.0;0.0;0.0;0.0;0.0;0.0;0.0;0.0;0.0;0.0;0.0;0.07796444066999461;0.0;0.0;0.0;0.0;0.0;0.0;0.0;0.0015544041450777;0.015544041450777181;0.0;0.0;0.0;0.0;0.0;0.0;0.0;0.0;0.0;0.0;0.0;0.0;0.0;9.914562056770244e-05;0.0009189707973484084;0.0;0.0;0.0;0.0;0.0;0.0;0.0;0.0;0.0;0.0;0.0;0.0;0.0006335661714787638;0.0;0.0;0.0;0.0006233473622613657;0.0;0.0;0.0;0.0;0.0;0.0;0.0;0.0;0.0;0.0;0.0;0.0;0.0;0.0;0.0;0.0;0.0;0.0;0.0;0.0;0.0;0.0;0.0;0.0;0.0;0.0;0.0;0.0;0.0015328213826099157;0.0;0.0;0.0;0.0;0.0;0.014757953333901345
Pb;0.0935315086772545;0.0007783670432432085;0.05872808852218623;0.4183422610631861;0.04346497433215591;0.05785363868682;0.056281677809728564;0.0012403529264469642;8.775640583828456e-05;0.003632423758262241;0.0021040813850831293;0.00030024094171415524;2.1550487464639606e-05;0.0017494246138259353;0.014879879846517919;5.364648265929736e-05;0.003419305704054657;0.0;0.0;0.014050946907676217;3.142919446032726e-05;0.04741683354767494;0.0;0.0;2.0952796306884807e-05;2.0952796306884807e-05;0.0;0.019940181119660526;0.0;0.0;0.0;2.0952796306884807e-05;0.0006838611408109304;0.0;0.0;0.0;3.4921327178141486e-05;0.0;0.0;0.0;0.0;0.0;0.0;0.010036390648340155;0.0;0.0;0.0;0.0;0.0;0.0;0.0;0.0;0.0;0.0;0.0;0.0;0.010036390648340155;0.0;0.0;0.0;0.0;0.0;0.0;0.0;0.0;0.0;0.0;0.0;0.0;0.0;0.0;0.0;0.0;0.0;0.0;0.0;0.0;0.0;0.0;0.0001726385414856396;0.0010925708135017952;0.0;0.0;0.0;0.0;0.0;0.0;0.0;0.0;0.0;0.0;0.0;0.0;0.0011157734402704649;0.0;0.0;0.0;0.0010977770944596529;0.0;0.0;0.0;0.0;0.0;0.0;0.0;0.0;0.0;0.0;0.0;0.0;0.0;0.0;0.0;0.0;0.0;0.0;0.0;0.0;0.0;0.0;0.0;0.0;0.0;0.0;0.0;0.0;0.0026994518716220977;0.0;0.0;0.0;0.0;0.0;0.13505879662915643
Cu;0.02004099824194032;0.01355512988452905;0.032409833217514464;0.4213900915825117;0.03935832274982442;0.01854256461487241;0.01600846967884639;0.006635390996598085;0.001293520525956326;0.06866239630532012;0.015543173933598007;0.005711701602216443;0.00010884308002711548;0.03259370777028689;0.0003734265317279417;0.001010769690891357;0.06507019814232219;0.0;0.0;0.00016891814408761738;3.4000379194745685e-05;0.0014128568430337805;0.0;0.0;2.266691946316375e-05;2.266691946316375e-05;0.0;0.0008162057615591001;0.0;0.0;0.0;2.266691946316375e-05;0.01301403962846442;0.0;0.0;0.0;3.777819910527308e-05;0.0;0.0;0.0;0.0;0.0;0.0;0.00012065581720544099;0.0;0.0;0.0;0.0;0.0;0.0;0.0;0.0;0.0;0.0;0.0;0.0;0.00012065581720544099;0.0;0.0;0.0;0.0;0.0;0.0;0.0;0.0;0.0;0.0;0.0;0.0;0.0;0.0;0.0;0.0;0.0;0.0;0.0;0.0;0.0;0.0;0.003284228421274461;0.020361499011150804;0.0;0.0;0.0;0.0;0.0;0.0;0.0;0.0;0.0;0.0;0.0;0.0;0.021233433078020884;0.0;0.0;0.0;0.02089095835095607;0.0;0.0;0.0;0.0;0.0;0.0;0.0;0.0;0.0;0.0;0.0;0.0;0.0;0.0;0.0;0.0;0.0;0.0;0.0;0.0;0.0;0.0;0.0;0.0;0.0;0.0;0.0;0.0;0.05137120905972805;0.0;0.0;0.0;0.0;0.0;0.10875702218164007
W;0.011369198108843338;8.086430035849582e-06;6.790048389872385e-05;0.7799878220594176;0.024877613662591794;6.0806565108221645e-05;0.003951682673412312;1.9845547981047166e-05;0.003061852503513384;2.116771215497848e-05;3.044731062433307e-05;1.722347284388721e-06;3.496422879666158e-07;0.00869273842318277;1.670657398843313e-05;3.150910616853565e-07;0.003265549570131231;0.0;0.0;2.6884517375513547e-07;6.035407777336684e-07;6.536663163340195e-05;0.0;0.0;4.0236051848911164e-07;4.0236051848911164e-07;0.0;0.021333125530855;0.0;0.0;0.018290335001925253;4.0236051848911164e-07;3.919662179117205e-06;0.0;0.0;0.0;6.706008641485221e-07;0.0;0.0;0.0;0.0;0.006096778333975084;0.04356236357364488;1.920322669679539e-07;0.0;0.0;0.0;0.0;0.0;0.0;0.0;0.0010184873468862517;0.0;0.0013606571605217159;0.0;0.0;1.920322669679539e-07;0.0;0.0;0.0;0.0;0.0;0.0;0.0;0.0;0.0;0.0;0.0;0.0;0.0;0.0;0.0;0.00038401981931776336;0.0;0.0;0.0;0.0;0.0;0.009016117497025843;9.903496885235164e-07;6.5852802609124834e-06;0.0;0.0;0.0;0.0;0.0;0.0;0.0;0.0;0.0;0.0;0.0;0.0;6.395238292243857e-06;0.0;0.0;0.0;6.292089287530258e-06;0.0;0.0;0.0;0.011096136567834723;0.0;0.0;0.0;0.0;0.0;2.696575407657307e-06;0.0;0.0;0.020729046335515366;0.0;0.0;0.0;0.0;0.0;0.0;0.0;0.0;0.0;0.0;0.0;0.0;0.0;0.0;0.0;1.547235070704162e-05;0.0;0.0;0.0;0.017744470175656293;0.0;0.013823805640962247
Mn;0.15763993027936024;0.000806916426512967;0.000537944284341978;0.039354576974512605;0.00111431316042267;0.010875023001146115;0.000249759846301632;0.35188050125836157;0.035615742491484116;0.000211335254562918;0.006508937484696086;0.0;0.0;0.0;0.000518731988472624;0.0;0.0;0.0;0.0;0.000192122958693564;0.04096530920060334;0.03837921246973627;0.0;0.0;0.0;0.0;0.0;0.0;0.0;0.0;0.0;0.0;0.0;0.0;0.0;0.0;0.0;0.0;0.019019607843137255;0.0;0.0;0.0;0.007802916038210072;0.0009606147934678199;0.0;0.0;0.0;0.0;0.0;0.0;0.0;0.01219205630970333;0.0;0.0;0.01602850258554618;0.0;0.0;0.0;0.0;0.0;0.000155619596541786;0.0;0.0;0.0;0.0;0.0;0.0;0.0;0.0;0.0;0.0;0.0;0.0;0.0;0.0;0.0;0.22433383609854166;0.0;0.010241327300150834;0.0;0.0;0.0;0.0;0.0;0.0;0.0;0.0;0.0;0.0;0.0;0.0;0.007802916038210072;0.0;0.0;0.0;0.0;0.0;0.0;0.0;0.0;0.0;0.0;0.0;0.0;0.0;0.0;0.0;0.0;0.0;0.0;0.0;0.0;0.0;0.0;0.0;0.0;0.0;0.0;0.0;0.0;0.0;0.0;0.0;0.0;0.0;0.0;0.0;0.0;0.0;0.0;0.0;0.0;0.01661224631728104
Sn;0.03228705548966383;0.00016172860071700162;0.0013580096779746038;0.23587503957109976;0.009810006533827263;0.001216131302164528;0.07903365346824644;0.0003969109596209678;0.061237050070267786;0.0004233542430996815;0.0006089462124867209;3.444694568777333e-05;6.992845759331917e-06;0.1738547684636555;0.0003341314797686854;6.30182123370713e-06;0.06531099140262517;0.0;0.0;5.376903475102005e-06;1.2070815554673341e-05;0.0013073326326681282;0.0;0.0;8.047210369782213e-06;8.047210369782213e-06;0.0;0.060855810578595015;0.0;0.0;0.0;8.047210369782213e-06;7.839324358236547e-05;0.0;0.0;0.0;1.341201728297041e-05;0.0;0.0;0.0;0.0;0.0;0.01769830471638399;3.840645339358575e-06;0.0;0.0;0.0;0.0;0.0;0.0;0.0;0.020369746937725045;0.0;0.027213143210434373;0.0;0.0;3.840645339358575e-06;0.0;0.0;0.0;0.0;0.0;0.0;0.0;0.0;0.0;0.0;0.0;0.0;0.0;0.0;0.0;0.00768039638635527;0.0;0.0;0.0;0.0;0.0;0.18032234994051693;1.9806993770469706e-05;0.00013170560521828228;0.0;0.0;0.0;0.0;0.0;0.0;0.0;0.0;0.0;0.0;0.0;0.0;0.000127904765844912;0.0;0.0;0.0;0.00012584178575063946;0.0;0.0;0.0;0.0;0.0;0.0;0.0;0.0;0.0;5.3931508153161086e-05;0.0;0.0;0.0;0.0;0.0;0.0;0.0;0.0;0.0;0.0;0.0;0.0;0.0;0.0;0.0;0.0;0.0;0.0;0.00030944701414091676;0.0;0.0;0.0;0.013469816810520157;0.0;0.008217866124340887
Cr;0.00014115838096378236;0.0006884982026612994;0.0002942918179452985;9.704638691260024e-05;0.0023915362587087255;0.0;0.0;0.4376439388652381;7.851934941110401e-05;0.0;0.14202898550724632;0.00035289595240945516;0.0;0.0015880317858425527;0.0;0.0018298555377207065;0.0;0.04734299516908217;0.0;0.14202898550724632;0.0;0.09942028985507262;0.0;0.0;0.0;0.0;0.0;0.0;0.0;0.0;0.0;0.0;0.0;0.0;0.0;0.0;0.0;0.0;0.0;0.0;0.0;0.0;0.0;0.0;0.0;0.0;0.0;0.0;0.0;0.0;0.0;0.0;0.0;0.0;0.0;0.0;0.0;0.0;0.0;0.0;0.0;0.0;0.0;0.0;0.0;0.0;0.0;0.0;0.0;0.0;0.0;0.0;0.0;0.0;0.0;0.0;0.0;0.0;0.0;0.00020291517263543713;0.0;0.0;0.0;0.0;0.0;0.0;0.0;0.0;0.0;0.0;0.0;0.0;0.0;0.0;0.0;0.0;0.0;0.0;0.0;0.0;0.0;0.0;0.0;0.0;0.0;0.0;0.0;0.0;0.0;0.0;0.0;0.0;0.0;0.0;0.0;0.0;0.0;0.0;0.0;0.0;0.0;0.0;0.0;0.0;0.0;0.0;0.0;0.0;0.0;0.0;0.0;0.0;0.12387005625090378
Ni;0.04411199405118252;0.050155688331657414;0.004966193107905987;0.030326995910187938;0.057355080846482116;0.0;0.0;0.01155698234349916;0.024537296690970295;0.0;0.0;0.11027998512795605;0.0;0.4962599330758036;0.0;0.0018298555377207065;0.0;0.0;0.0;0.0;0.0;0.0;0.0;0.0;0.0;0.0;0.0;0.0;0.0;0.0;0.0;0.0;0.0;0.0;0.0;0.0;0.0;0.0;0.0;0.0;0.0;0.0;0.0;0.0;0.0;0.0;0.0;0.0;0.0;0.0;0.0;0.0;0.0;0.0;0.0;0.0;0.0;0.0;0.0;0.0;0.0;0.0;0.0;0.0;0.0;0.0;0.0;0.0;0.0;0.0;0.0;0.0;0.0;0.0;0.0;0.0;0.0;0.0;0.0;0.06341099144857486;0.0;0.0;0.0;0.0;0.0;0.0;0.0;0.0;0.0;0.0;0.0;0.0;0.0;0.0;0.0;0.0;0.0;0.0;0.0;0.0;0.0;0.0;0.0;0.0;0.0;0.0;0.0;0.0;0.0;0.0;0.0;0.0;0.0;0.0;0.0;0.0;0.0;0.0;0.0;0.0;0.0;0.0;0.0;0.0;0.0;0.0;0.0;0.0;0.0;0.0;0.0;0.0;0.10520900352805909
Nb;0.0005005232469235607;0.08244220805711172;1.563743996866641e-05;0.0029526139778235216;0.005354805022606036;1.4003714804136733e-05;0.0009100701060226588;4.570417578492905e-06;0.885072374705872;4.874911180180651e-06;7.011997039748604e-06;3.966555275952796e-07;8.05224053592887e-08;0.002001932349386233;3.847513785260475e-06;7.256527905039752e-08;0.0100457847059837;0.0;0.0;6.191487930677996e-08;1.389950724729586e-07;1.5053895339624023e-05;0.0;0.0;9.266338164863892e-08;9.266338164863892e-08;0.0;0.0007007528002942221;0.0;0.0;0.0;9.266338164863892e-08;9.026958057446846e-07;0.0;0.0;0.0;1.5443896941439884e-07;0.0;0.0;0.0;0.0;0.0;0.00020379543830821584;4.422491379055712e-08;0.0;0.0;0.0;0.0;0.0;0.0;0.0;0.00023455701390190964;0.0;0.0006426902987934748;0.0;0.0;4.422491379055712e-08;0.0;0.0;0.0;0.0;0.0;0.0;0.0;0.0;0.0;0.0;0.0;0.0;0.0;0.0;0.0;8.843952983186672e-05;0.0;0.0;0.0;0.0;0.0;0.002076406352574284;2.2807692836728623e-07;1.5165860218386643e-06;0.0;0.0;0.0;0.0;0.0;0.0;0.0;0.0;0.0;0.0;0.0;0.0;1.4728194725308004e-06;0.0;0.0;0.0;1.4490643197480483e-06;0.0;0.0;0.0;0.0;0.0;0.0;0.0;0.0;0.0;0.00010840233138785423;0.0;0.0;0.0;0.0;0.0;0.0;0.0;0.0;0.0;0.0;0.0;0.0;0.0;0.0;0.0;0.0;0.0;0.0;3.563272917413234e-06;0.0;0.0;0.0;0.003949612226172267;0.0;0.0026396278997388826
Mg;0.0;0.0;0.0505561172901921;0.839231547017189;0.0202224469160768;0.0;0.0;0.0;0.0222446916076845;0.0;0.0252780586450961;0.0;0.0;0.0;0.0;0.0;0.0;0.0;0.0;0.0151668351870576;0.0;0.0;0.0;0.0;0.0;0.0;0.0;0.0;0.0;0.0;0.0;0.0;0.0;0.0;0.0;0.0;0.0;0.0;0.0;0.0;0.0;0.0;0.0;0.0050556117290192;0.0;0.0;0.0;0.0;0.0;0.0;0.0;0.0;0.0;0.0;0.0;0.0;0.0;0.0;0.0;0.0;0.0;0.0;0.0;0.0;0.0;0.0;0.0;0.0;0.0;0.0;0.0;0.0;0.0;0.0;0.0;0.0;0.0;0.0;0.0;0.0;0.0;0.0;0.0;0.0;0.0;0.0;0.0;0.0;0.0;0.0;0.0;0.0;0.0;0.0;0.0;0.0;0.0;0.0;0.0;0.0;0.0;0.0;0.0;0.0;0.0;0.0;0.0;0.0;0.0;0.0;0.0;0.0;0.0;0.0;0.0;0.0;0.0;0.0;0.0;0.0;0.0;0.0;0.0;0.0;0.0;0.0;0.0;0.0;0.0;0.0;0.0;0.0;0.0222446916076845
Al;0.0220718069452619;0.0441436138905238;0.011035903472631;0.603296056503826;0.0559152442613302;0.0;0.0;0.0;0.0161859917598587;0.0;0.0;0.0;0.0;0.0;0.0;0.0;0.0;0.0;0.0;0.0;0.0;0.0603296056503826;0.0;0.0;0.0;0.0;0.0;0.0;0.0;0.0;0.0;0.0;0.0;0.0;0.0397292525014715;0.0;0.0;0.0;0.0;0.0;0.0;0.0;0.0;0.0;0.0;0.0;0.0;0.0;0.0;0.0;0.0;0.0144202472042378;0.0;0.0;0.0;0.0;0.0;0.0;0.0;0.0;0.0;0.0;0.0;0.0;0.0;0.0298705120659211;0.0;0.0;0.0;0.0;0.0;0.0;0.0;0.0;0.0;0.0;0.0;0.0;0.0;0.0;0.0;0.0;0.0;0.0;0.0;0.0;0.0;0.0;0.0;0.0;0.0;0.0;0.0;0.0;0.0;0.0;0.0;0.0;0.0;0.0;0.0;0.0;0.0;0.0;0.0;0.0;0.0;0.0;0.0;0.0;0.0;0.0;0.0;0.0;0.0;0.0;0.0;0.0;0.0;0.0;0.0;0.0;0.0;0.0;0.0;0.0;0.0;0.0;0.0;0.0;0.0;0.0;0.103001765744556
Si;0.0;0.0055660692419013;0.0055660692419013;0.734721139930981;0.069019258599577;0.0;0.0;0.0;0.0434153400868307;0.0;0.0139151731047534;0.0;0.0;0.0;0.0;0.0;0.0;0.0;0.0;0.0;0.0;0.0066792830902816;0.0;0.0;0.0;0.0;0.0;0.0;0.0;0.0;0.0062339975509295;0.0;0.0;0.0;0.0;0.0;0.0;0.0;0.0;0.0;0.0;0.0;0.0;0.0;0.0;0.0;0.0;0.0;0.0;0.0;0.0;0.0089057107870421;0.0;0.0;0.000222642769676;0.0;0.0;0.0;0.0;0.0;0.0;0.0;0.0;0.0;0.0;0.0523210508738729;0.0;0.0;0.0;0.0;0.0;0.0;0.0;0.0;0.0;0.0;0.0;0.0;0.0;0.0;0.0055660692419013;0.0;0.0;0.0;0.0;0.0;0.0;0.0;0.0;0.0;0.0;0.0;0.0;0.0;0.0;0.0;0.0;0.0066792830902816;0.0;0.0;0.0;0.0;0.0;0.0;0.0;0.0;0.0;0.0;0.012245352332183;0.0;0.0;0.0;0.0;0.0;0.0;0.0;0.0;0.0;0.0;0.0;0.0;0.0;0.0;0.0;0.0;0.0;0.0;0.0;0.0089057107870421;0.0;0.0;0.0;0.0200378492708449
Ti;0.0654878847413229;0.0545732372844357;0.0218292949137743;0.338354071163501;0.0;0.0;0.0;0.120061122025759;0.005893909626719;0.0;0.0;0.0;0.0;0.0;0.0;0.0;0.0;0.0;0.0;0.0;0.0;0.0243396638288583;0.0;0.0;0.0;0.0;0.0;0.0;0.0;0.0;0.0;0.0;0.0;0.0;0.0;0.0;0.0;0.0;0.0;0.0;0.0;0.0;0.015280506439642;0.0;0.0;0.0;0.0;0.0;0.0;0.0;0.0;0.0;0.0;0.0;0.0120061122025759;0.0;0.0;0.0;0.0;0.0;0.0;0.0;0.0;0.0;0.0;0.0469329840646147;0.0;0.0;0.0;0.0;0.0;0.0216110019646365;0.0;0.0;0.0379829731499673;0.0120061122025759;0.0;0.175616677581314;0.0;0.0;0.0;0.0;0.0;0.0;0.0349268718620389;0.0;0.0;0.0;0.0;0.0;0.0;0.0;0.0;0.0;0.0;0.0;0.0;0.0;0.0;0.0;0.0;0.0;0.0;0.0;0.0;0.0;0.0;0.0;0.0;0.0;0.0;0.0;0.0;0.0;0.0;0.0;0.0;0.0;0.0;0.0;0.0;0.0;0.0;0.0;0.0;0.0;0.0;0.0;0.0;0.0;0.0;0.0;0.0130975769482646
Fe;0.377841818764009;0.0268972142170989;0.0179314761447326;0.10886967659302;0.037143772014089;0.0048671149535702;0.0083253282100544;0.0249759846301633;0.179314761447326;0.0070445084854306;0.0056356067883445;0.0;0.0;0.0;0.0172910662824208;0.0;0.0;0.0;0.0;0.0064040986231188;0.0;0.10886967659302;0.0;0.0;0.0;0.0;0.0;0.0;0.0;0.0;0.0;0.0;0.0;0.0;0.0;0.0;0.0;0.0;0.0;0.0;0.0;0.0;0.0;0.032020493115594;0.0;0.0;0.0;0.0;0.0;0.0;0.0;0.0;0.0;0.0;0.0140890169708614;0.0;0.0;0.0;0.0;0.0;0.0051873198847262;0.0;0.0;0.0;0.0;0.0;0.0;0.0;0.0;0.0;0.0;0.0;0.0;0.0;0.0;0.0;0.0;0.0;0.0;0.0;0.0;0.0;0.0;0.0;0.0;0.0;0.0;0.0;0.0;0.0;0.0;0.0;0.0;0.0;0.0;0.0;0.0;0.0;0.0;0.0;0.0;0.0;0.0;0.0;0.0;0.0;0.0;0.0;0.0;0.0;0.0;0.0;0.0;0.0;0.0;0.0;0.0;0.0;0.0;0.0;0.0;0.0;0.0;0.0;0.0;0.0;0.0;0.0;0.0;0.0;0.0;0.0;0.0172910662824208
