;Sc;Ga;Ge;Zr;Ru;Rh;Cd;In;Te;Hf;Re;Ir;Pd;La;As;Bi;Co;Sm;Sb;V;Ce;Ag;Mo;Y;Ta;Pt;Au;Zn;Hg;Pb;Cu;W;Mn;Sn;Cr;Ni;Nb;Mg;Al;Si;Ti;Fe
Pd*;0.0;0.0;0.0;0.0;0.0;0.0;0.0;0.0;0.0;0.0;0.0;0.0;0.03;0.0;0.0;0.0;0.0;0.0;0.0;0.0;0.0;0.0;0.0;0.0;0.0;0.0;0.0;0.0;0.0;0.0;0.0;0.0;0.0;0.0;0.0;0.0;0.0;0.0;0.0;0.0;0.0;0.0
La*;0.0;0.0;0.0;0.0;0.0;0.0;0.0;0.0;0.0;0.0;0.0;0.0;0.0;0.07101503690341923;0.0;0.0;0.0;0.00962641028372833;0.0;0.0;0.00019265458473091178;0.0;0.0;0.004819524094681426;0.0;0.0;0.0;0.0;0.0;0.0;0.0;0.0;0.0;0.0;0.0;0.0;0.0;0.0;0.0;0.0;0.0;0.0
As*;0.0;0.0;0.0;0.0;0.0;0.0;0.0;0.0;0.0;0.0;0.0;0.0;0.0;0.0;0.082;0.0;0.0;0.0;0.0;0.0;0.0;0.0;0.0;0.0;0.0;0.0;0.0;0.0;0.0;0.0;0.0;0.0;0.0;0.0;0.0;0.0;0.0;0.0;0.0;0.0;0.0;0.0
Bi*;0.0;0.0;0.0;0.0;0.0;0.0;0.0;0.0;0.005000000000000001;0.0;0.0;0.0;0.0;0.0;0.0;0.1;0.0;0.0;0.0;0.0;0.0;0.0;0.0;0.0;0.0;0.0;0.0;0.0;0.0;0.0;0.0;0.0;0.0;0.0;0.0;0.0;0.0;0.0;0.0;0.0;0.0;0.0
Co*;0.03;0.0;0.0;0.0;0.0;0.0;0.0;0.0;0.0;0.0;0.0;0.0;0.0;0.0;0.022949999999999998;0.0;0.15;0.0;0.0;0.0;0.0;0.0;0.0;0.0;0.0;0.0;0.0;0.0;0.0;0.0;0.0;0.0;0.0;0.0;0.0;0.0;0.0;0.0;0.0;0.0;0.0;0.0
Sm*;0.0;0.0;0.0;0.0;0.0;0.0;0.0;0.0;0.0;0.0;0.0;0.0;0.0;0.015328603915546463;0.0;0.0;0.0;0.18798086889799875;0.0;0.0;0.002388186287347556;0.0;0.0;0.02541887991837844;0.0;0.0;0.0;0.0;0.0;0.0;0.0;0.0;0.0;0.0;0.0;0.0;0.0;0.0;0.0;0.0;0.0;0.0
Sb*;0.0;0.0;0.0;0.0;0.0;0.0;0.0;0.0;0.0;0.0;0.0;0.0;0.0;0.0;0.0;0.0;0.0;0.0;0.2;0.0;0.0;0.0;0.0;0.0;0.0;0.0;0.0;0.0;0.0;0.0;0.0;0.0;0.0;0.0;0.0;0.0;0.0;0.0;0.0;0.0;0.0;0.0
V*;0.0;0.0;0.0;0.0;0.0;0.0;0.0;0.0;0.0;0.0;0.0;0.0;0.0;0.0;0.0;0.0;0.0;0.0;0.0;0.25;0.0;0.0;0.0;0.0;0.0;0.0;0.0;0.0;0.0;0.0;0.0;0.0;0.0;0.0;0.0;0.0;0.0;0.0;0.0;0.0;0.0;0.0
Ce*;0.0;0.0;0.0;0.0;0.0;0.0;0.0;0.0;0.0;0.0;0.0;0.0;0.0;0.08132624532966934;0.0;0.0;0.0;0.08080760835508317;0.0;0.0;0.27158836116069296;0.0;0.0;0.03901425385710665;0.0;0.0;0.0;0.0;0.0;0.0;0.0;0.0;0.0;0.0;0.0;0.0;0.0;0.0;0.0;0.0;0.0;0.0
Ag*;0.00021592792568456425;9.130415824573705e-05;0.009130415824573706;0.0;0.0;0.0;0.009130415824573706;0.007488294171213847;0.0028412767585078414;0.0;0.0019020165568157475;0.0;0.0;2.01055600929405e-06;0.002451127997609787;0.0006904563988369227;0.0010796396284228212;2.7253998431630976e-07;0.04813591686744225;0.0;5.454377691524296e-09;0.29872729441522905;0.001418954940212851;1.3644889241805993e-07;3.002394647079684e-05;0.0;0.0019551027886382777;0.009130415824573706;0.006270165054098763;0.0006107550238605169;0.003084684652636632;9.909092974350566e-06;0.0;0.0001981818594870113;0.0;0.0;2.282058059578081e-06;0.0;0.0;0.0;0.0;0.0
Mo*;0.0;0.0;0.0;0.0;0.0;0.0;0.0;0.0;0.001215;0.0;0.3834;0.0;0.0;0.0;0.0;0.024300000000000002;0.0;0.0;0.0;0.0;0.0;0.0;0.54;0.0;0.0;0.0;0.0;0.0;0.0;0.0;0.0;0.0;0.0;0.0;0.0;0.0;0.0;0.0;0.0;0.0;0.0;0.0
Y*;0.0;0.0;0.0;0.0;0.0;0.0;0.0;0.0;0.0;0.0;0.0;0.0;0.0;0.05994041080540931;0.0;0.0;0.0;0.1707939470310106;0.0;0.0;0.016241178264271832;0.0;0.0;0.7266619396980862;0.0;0.0;0.0;0.0;0.0;0.0;0.0;0.0;0.0;0.0;0.0;0.0;0.0;0.0;0.0;0.0;0.0;0.0
Ta*;0.0;0.0;0.0;0.0;0.0;0.0;0.0;0.0005411127984700537;1.7450887750659233e-05;0.0;0.0;0.0;0.0;3.659728128786983e-05;0.0005519350544394547;0.00034901775501318465;0.0;4.9609274360468005e-06;0.0003102380044561642;0.0;9.928367760174262e-08;0.0;0.0;2.4837201620637317e-06;0.7214837312934049;0.0;0.0;0.0;0.0;0.0;0.0;0.00018037093282335123;0.0;0.0036074186564670255;0.0;0.0;0.007250911499498719;0.0;0.0;0.0;0.0;0.0
Pt*;0.005707860233881905;5.7252596850366226e-06;0.0005725259685036621;0.0;0.8014044943820224;0.718820224719101;0.0005725259685036621;0.0009322132802073595;0.008468605491926332;0.0;0.00574037386819114;0.8014044943820224;0.37971910112359547;5.88847457197975e-07;0.004186985536559095;0.0013030224294136845;0.011685368585139855;7.98209430662837e-08;0.0008869439923193574;0.0;1.5974667800372167e-09;0.002939153272103542;0.00428247158509232;3.996286746871897e-08;8.793350920168844e-06;0.8426966292134831;0.005351070672571835;0.0005725259685036621;0.00037333166181238606;0.0004941123402830439;0.009309720837157217;2.902154515523009e-06;0.0;5.804309031046018e-05;0.016853932584269662;0.016853932584269662;6.683644123062903e-07;0.0;0.0;0.0;0.0;0.0
Au*;8.039200769602253e-05;0.000200837096715106;0.020083709671510602;0.0;0.0;0.0;0.020083709671510602;0.016185549398658843;0.0011236844523347701;0.0;0.0007081387420766783;0.0;0.0;4.136375575700432e-06;0.13265590257756896;0.0007398501500740633;0.0004019600384801126;5.607044664841701e-07;0.04988405903857429;0.0;1.12214504642366e-08;0.09370040726230604;0.0005282903362881481;2.807202899697449e-07;6.176914161747085e-05;0.0;0.8608071540033625;0.020083709671510602;0.0195360267307239;0.0010616083462155462;0.0011484572528003218;2.0386266270115048e-05;0.0;0.0004077253254023011;0.0;0.0;4.694944670197719e-06;0.0;0.0;0.0;0.0;0.0
Zn*;0.0007925629604642754;0.009065325079108146;0.9065325079108146;0.0;0.0;0.0;0.9065325079108146;0.7285222800512032;0.01387455298340973;0.0;0.006981347448889603;0.0;0.0;0.00018464973618055884;0.15254290685276037;0.027796413752937135;0.003962814802321378;2.5030109069346568e-05;0.04914451675725937;0.0;5.009307858688896e-07;0.1798075509565638;0.0052082708830509545;1.2531484758771192e-05;0.002757403309982121;0.0;0.011323042194686864;0.9065325079108146;0.0230975634172914;0.045892741795872355;0.011322328006632508;0.0009100524407399685;0.0;0.01820104881479937;0.0;0.0;0.0002095845212478149;0.0;0.0;0.0;0.0;0.0
Hg*;0.0;0.0;0.0;0.0;0.0;0.0;0.0;0.0;0.0;0.0;0.0;0.0;0.0;0.0;0.0;0.0;0.0;0.0;0.0;0.0;0.0;0.0;0.0;0.0;0.0;0.0;0.0;0.0;0.9;0.0;0.0;0.0;0.0;0.0;0.0;0.0;0.0;0.0;0.0;0.0;0.0;0.0
Pb*;0.0007584424669534074;0.00014522712033868893;0.014522712033868892;0.0;0.0;0.0;0.014522712033868892;0.012211647739068717;0.07921066945804815;0.0;0.006680794644621015;0.0;0.0;3.4989103759394554e-06;0.14274926191536325;0.48791744600914094;0.0037922123347670367;4.7429316794688044e-07;0.3874599523217254;0.0;9.492090054167648e-09;0.16769864625005312;0.004984050497122392;2.3745791873494225e-07;5.2249774364757735e-05;0.0;0.0022839074377947956;0.014522712033868892;0.02193216076655423;0.9012678802209458;0.010834892385048677;1.724449757372226e-05;0.0;0.0003448899514744451;0.0;0.0;3.971397258392029e-06;0.0;0.0;0.0;0.0;0.0
Cu*;0.06393660679573754;0.000465449884668541;0.046544988466854086;0.0;0.0;0.0;0.046544988466854086;0.08373029081429537;0.8308199735602515;0.0;0.5631901678607395;0.0;0.0;5.581749346733088e-05;0.2206585308618699;0.12756146945222205;0.3196830339786877;7.566314354755786e-06;0.06307816157818043;0.0;1.5142562045407112e-07;0.2434684654521927;0.42015484465770386;3.788123845325662e-06;0.0008335313357351463;0.0;0.11128840386176528;0.046544988466854086;0.02725356418280436;0.047996254277440954;0.9133800970819649;0.00027509839557127917;0.0;0.0055019679114255825;0.0;0.0;6.33549924716073e-05;0.0;0.0;0.0;0.0;0.0
W*;0.0;0.0;0.0;0.0;0.0;0.0;0.0;0.0;0.006412500000000001;0.0;0.0;0.0;0.0;0.0;0.0;0.12825;0.0;0.0;0.11399999999999999;0.0;0.0;0.0;0.0;0.0;0.0;0.0;0.0;0.0;0.0;0.0;0.0;0.95;0.0;0.0;0.0;0.0;0.0;0.0;0.0;0.0;0.0;0.0
Mn*;0.0;0.0;0.0;0.0;0.0;0.0;0.0;0.0;0.0;0.0;0.0;0.0;0.0;0.0;0.0;0.0;0.0;0.0;0.0;0.0;0.0;0.0;0.0;0.0;0.0;0.0;0.0;0.0;0.0;0.0;0.0;0.0;0.97;0.0;0.0;0.0;0.0;0.0;0.0;0.0;0.0;0.0
Sn*;0.0;0.0;0.0;0.0;0.0;0.0;0.0;0.14561029757696706;0.004695932096857188;0.0;0.0;0.0;0.0;0.009848114910424925;0.14852250352850638;0.09391864193714373;0.0;0.001334956634296817;0.08348323727746111;0.0;2.671665848784293e-05;0.0;0.0;0.0006683546072437382;0.14706343595604363;0.0;0.0;0.0;0.0;0.0;0.0;0.048536765858989014;0.0;0.9707353171797803;0.0;0.0;0.011177987531358239;0.0;0.0;0.0;0.0;0.0
Cr*;0.0;0.0;0.0;0.0;0.0;0.0;0.0;0.0;0.0;0.0;0.0;0.0;0.0;0.0;0.0;0.0;0.0;0.0;0.0;0.0;0.0;0.0;0.0;0.0;0.0;0.0;0.0;0.0;0.0;0.0;0.0;0.0;0.0;0.0;0.98;0.0;0.0;0.0;0.0;0.0;0.0;0.0
Ni*;0.2985082076095823;2.6131401238743658e-05;0.0026131401238743655;0.0;0.1985955056179775;0.2811797752808988;0.0026131401238743655;0.004682567266408456;0.04631726647327569;0.0;0.031397160878666265;0.1985955056179775;0.5902808988764044;3.115475532558874e-06;0.08763318383374558;0.0071119253624563564;0.509394970632181;4.2231683616691525e-07;0.0035620792712375334;0.0;8.451881054159494e-09;0.013658482391551756;0.02342311710052949;2.1143563462451706e-07;4.652388204468298e-05;0.15730337078651685;0.006991319041180258;0.0026131401238743655;0.001537188186714957;0.0026766479953817066;0.050919819783759764;1.5354726040325482e-05;0.0;0.00030709452080650957;0.003146067415730337;0.9831460674157303;3.5361840285119257e-06;0.0;0.0;0.0;0.0;0.0
Nb*;0.0;0.0;0.0;0.0;0.0;0.0;0.0;9.57469035070623e-05;3.087837638102759e-06;0.0;0.0;0.0;0.0;6.475685605659189e-06;9.766184157720354e-05;6.175675276205519e-05;0.0;8.778085491005033e-07;5.489489134404905e-05;0.0;1.7567695175641683e-08;0.0;0.0;4.3948048423183257e-07;0.12766253800941638;0.0;0.0;0.0;0.0;0.0;0.0;3.19156345023541e-05;0.0;0.000638312690047082;0.0;0.0;0.9812830085069947;0.0;0.0;0.0;0.0;0.0
Mg;0.0;0.0;0.0;0.0;0.0;0.0;0.0;0.0;0.0;0.0;0.0;0.0;0.0;0.0;0.0;0.0;0.0;0.0;0.0;0.0;0.0;0.0;0.0;0.0;0.0;0.0;0.0;0.0;0.0;0.0;0.0;0.0;0.0;0.0;0.0;0.0;0.0;1.0;0.0;0.0;0.0;0.0
Al;0.0;0.99;0.0;0.0;0.0;0.0;0.0;0.0;0.0;0.0;0.0;0.0;0.0;0.0;0.0;0.0;0.0;0.0;0.0;0.12;0.0;0.0;0.0;0.0;0.0;0.0;0.0;0.0;0.0;0.0;0.0;0.0;0.0;0.0;0.0;0.0;0.0;0.0;1.0;0.0;0.0;0.0
Si;0.0;0.0;0.0;0.0;0.0;0.0;0.0;0.0;0.0;0.0;0.0;0.0;0.0;0.0;0.0;0.0;0.0;0.0;0.0;0.0;0.0;0.0;0.0;0.0;0.0;0.0;0.0;0.0;0.0;0.0;0.0;0.0;0.0;0.0;0.0;0.0;0.0;0.0;0.0;1.0;0.0;0.0
Ti;0.4;0.0;0.0;1.0;0.0;0.0;0.0;0.0;0.0;1.0;0.0;0.0;0.0;0.03017784913132768;0.0;0.0;0.0;0.022172407694217265;0.0;0.0;0.03036420575644005;0.0;0.0;0.007124083974894234;0.0;0.0;0.0;0.0;0.0;0.0;0.0;0.0;0.0;0.0;0.0;0.0;0.0;0.0;0.0;0.0;1.0;0.0
Fe;0.2;0.0;0.0;0.0;0.0;0.0;0.0;0.0;0.0;0.0;0.0;0.0;0.0;0.7320668486427111;0.0;0.0;0.0;0.5272435562688578;0.0;0.63;0.6791978918629836;0.0;0.0;0.1962728150147556;0.0;0.0;0.0;0.0;0.0;0.0;0.0;0.0;0.03;0.0;0.0;0.0;0.0;0.0;0.0;0.0;0.0;1.0
