;Sc;Ga;Zr;Ru;Rh;Cd;In;Te;Hf;Re;Ir;Pd;La;As;Bi;Co;Sm;Sb;V;Ce;Ag;Ge;Mo;Y;Ta;Pt;Au;Zn;Hg;Pb;Cu;W;Mn;Sn;Cr;Ni;Nb;Mg;Al;Si;Ti;Fe
Sc;1.0;0.6903508793966132;0.7742915697434565;0.3195587189375427;0.37550293628237497;0.70215991250451;0.7427981526104122;0.7189643971578913;0.7742915697434565;0.6750321720776765;0.3195587189375427;0.5966128285454046;0.7159970554625321;0.8102163671648299;0.7232034005133522;0.8064660784112695;0.7757824827163187;0.7245285901541224;0.7807125568624176;0.6311255113788148;0.6956328561065815;0.6534545838969699;0.6506207959127692;0.7082861375844259;0.30952401840000554;0.29375061983824813;0.6760568668406195;0.70215991250451;0.640657875817012;0.722438874116618;0.7149157884769372;0.6496897412463589;0.3570624031363006;0.7133741964056355;0.22274885998902794;0.6266478698919999;0.1656410178314711;0.6449888279976865;0.6897422479207042;0.6555947464638647;0.7742915697434565;0.5907960697601637
Ga;0.6903508793966132;1.0;0.8189753862045167;0.04620016489932549;0.05622436712021546;0.8833901662726376;0.8980309166237536;0.9556584441403188;0.8189753862045167;0.9293500666976008;0.04620016489932549;0.09994614158495796;0.5597716073453244;0.8962724316409368;0.978581585261181;0.49092403235181553;0.803784413265777;0.9657152218659426;0.7680125445017242;0.37994886086660723;0.871851469136268;0.8338345715386208;0.9095640724853551;0.942011073223646;0.1840809995425011;0.04161229426265251;0.6481685316874369;0.8833901662726376;0.9696512674151779;0.9474156959243042;0.9499320912858769;0.9724648526436364;0.1143447944606106;0.6285715201932318;0.060757652315213684;0.10911680005476929;0.036603736118141175;0.9747690034382323;0.9999952773518318;0.9799865042991878;0.8189753862045167;0.31720625606199687
Zr;0.7742915697434564;0.8189753862045167;1.0;0.29485332685490284;0.2949291299332388;0.7355224722763894;0.7480412734061765;0.7820010794936588;0.9999999999999999;0.7697688720759713;0.29485332685490284;0.24377511675493593;0.5765989410469604;0.7404771743423467;0.8119431603177081;0.3978390599892951;0.7523734984312471;0.8009612249352748;0.7177498806034027;0.43690416033270135;0.7116237765515514;0.7175892408339045;0.7576406079144785;0.82037923630847;0.13552319711111593;0.29384719961630673;0.5312372315353249;0.7355224722763894;0.8115335416964048;0.7819972601569871;0.7762364642839311;0.81263743317546;0.3566560259488541;0.5315736884496043;0.266674012212268;0.08517032291440121;0.029075818301086343;0.8123916742761386;0.8188925101940264;0.8145597012739109;0.9999999999999999;0.3745096428013656
Ru;0.3195587189375426;0.0462001648993255;0.29485332685490284;1.0;0.9948286966024013;0.09994125522163444;0.10362671197336533;0.0737702560832467;0.29485332685490284;0.05435513533082682;1.0;0.7981097231421597;0.09724895184562737;0.12954603043284696;0.04923947191758188;0.21248875536395054;0.07339967347307481;0.060826529015956345;0.14665153822275712;0.10469196131205877;0.09650895717437784;0.08360647991932453;0.045054819729537676;0.03303818358299272;0.036159194078942754;0.9989896398843034;0.24606450653240955;0.09994125522163444;0.015381280709598889;0.05874076218026788;0.07578222417436625;0.020364607655471254;0.7431778016580682;0.09782259438088683;0.8330919828637096;0.2369320176952931;0.015982924043508397;0.018947130660916543;0.04581218378319628;0.03221114782464488;0.29485332685490284;0.09502273150428074
Rh;0.37550293628237497;0.05622436712021547;0.29492912993323883;0.9948286966024013;1.0;0.11287201695343063;0.12275863370441494;0.09071097437661706;0.29492912993323883;0.06707728606734568;0.9948286966024013;0.8551204213916337;0.10819934660696474;0.1631917877997034;0.06303894674379881;0.2932087934514807;0.08333057779190332;0.07507666271805061;0.1567788251527991;0.1148796653855375;0.11280237308600928;0.09532195989598052;0.05578398801304142;0.040437642062391;0.049114164419234004;0.9892590301505116;0.274423736941865;0.11287201695343063;0.021606896910200554;0.07164779969805771;0.09306301704214853;0.027643096996911254;0.7273904216378558;0.14640394036364265;0.8155259583166753;0.33438181782478266;0.021593226044254926;0.025322538406079727;0.05580961178002164;0.039120535337296064;0.29492912993323883;0.10525975881070868
Cd;0.7021599125045099;0.8833901662726377;0.7355224722763894;0.09994125522163444;0.11287201695343063;1.0;0.9919641838503465;0.8990819054201583;0.7355224722763894;0.88983543812644;0.09994125522163444;0.16087900599740823;0.6426639279887312;0.9456511527137716;0.9307483634592959;0.5013168000234883;0.8077645897691826;0.9349559692360089;0.7765307987925697;0.5029692974039252;0.9726441618920902;0.862354609117594;0.8794568029420661;0.8546408338129671;0.20631667232429451;0.0938900320293647;0.8082004229632077;1.0;0.8302837252879689;0.9757695936351422;0.8882685244502274;0.8261987403907243;0.21175205195114877;0.6201564237482032;0.17775359330604948;0.15231042445926782;0.006383580167339103;0.8329864625258987;0.881945720670863;0.8260451632479673;0.7355224722763894;0.4524988098214076
In;0.7427981526104123;0.8980309166237535;0.7480412734061765;0.10362671197336533;0.12275863370441495;0.9919641838503466;1.0;0.91982022939823;0.7480412734061765;0.9093410424070675;0.10362671197336533;0.20045952915182286;0.6451365829538624;0.9733767824659862;0.9487519329899635;0.565527984151148;0.8224076104861788;0.9522284395221757;0.783555600064078;0.49704552933222024;0.9694789879103088;0.8632573274201888;0.8977277366184678;0.8814350583369356;0.25018611080966796;0.09481946239001512;0.7930100834002619;0.9919641838503466;0.8532620155479158;0.97595788465678;0.9102410716317181;0.8520262057106424;0.203158384658949;0.7122902078793468;0.15692227482734852;0.21268231213183386;0.031162508077425377;0.8554784544899909;0.8967239180290313;0.849976917807143;0.7480412734061765;0.44458599317548586
Te;0.7189643971578913;0.9556584441403186;0.7820010794936589;0.07377025608324671;0.09071097437661707;0.8990819054201582;0.9198202293982302;1.0;0.7820010794936589;0.9790130793630126;0.07377025608324671;0.1633529234991551;0.5369873831586438;0.9432832061357056;0.9743540238408676;0.6074003610505527;0.775259335905065;0.9610747432143353;0.7332054059720097;0.3611707827030178;0.9209917435466335;0.8441540272613791;0.9586329200492992;0.9125055473380856;0.27680212163507717;0.06603104607822581;0.7112290472693361;0.8990819054201582;0.9334664760099128;0.9482721196539436;0.9995447018280731;0.9355528872019904;0.12226904672863338;0.6661496304683057;0.08200304464100623;0.183171830579785;0.011742659921831206;0.9403405188857246;0.9552941432987458;0.9374309157753589;0.7820010794936589;0.30059430384641256
Hf;0.7742915697434564;0.8189753862045167;0.9999999999999999;0.29485332685490284;0.2949291299332388;0.7355224722763894;0.7480412734061765;0.7820010794936588;1.0;0.7697688720759713;0.29485332685490284;0.24377511675493593;0.5765989410469604;0.7404771743423467;0.8119431603177081;0.3978390599892951;0.7523734984312471;0.8009612249352748;0.7177498806034027;0.43690416033270135;0.7116237765515514;0.7175892408339045;0.7576406079144785;0.82037923630847;0.13552319711111593;0.29384719961630673;0.5312372315353249;0.7355224722763894;0.8115335416964048;0.7819972601569871;0.7762364642839311;0.81263743317546;0.3566560259488541;0.5315736884496043;0.266674012212268;0.08517032291440121;0.029075818301086343;0.8123916742761386;0.8188925101940264;0.8145597012739109;0.9999999999999999;0.3745096428013656
Re;0.6750321720776764;0.9293500666976007;0.7697688720759714;0.05435513533082682;0.06707728606734568;0.8898354381264398;0.9093410424070675;0.9790130793630125;0.7697688720759714;1.0;0.05435513533082682;0.1219294711966234;0.514354613569405;0.9241264120385487;0.960750294834293;0.5501221080814932;0.7613432258814601;0.9458071964353225;0.7044493058114906;0.33498752067706716;0.9120681507825805;0.8374438143615449;0.9964716696756833;0.9110796099910194;0.22722951861920532;0.048546585413682154;0.6511342252812995;0.8898354381264398;0.9272549952329794;0.9302389163576329;0.9780353470034897;0.9244603475358985;0.1050229946025312;0.6569296961117602;0.05047456197532121;0.13725923523890665;0.00884490662243301;0.9335061225501661;0.9288941172234764;0.9243208886655805;0.7697688720759714;0.27396702151740326
Ir;0.3195587189375426;0.0462001648993255;0.29485332685490284;1.0;0.9948286966024013;0.09994125522163444;0.10362671197336533;0.0737702560832467;0.29485332685490284;0.05435513533082682;1.0;0.7981097231421597;0.09724895184562737;0.12954603043284696;0.04923947191758188;0.21248875536395054;0.07339967347307481;0.060826529015956345;0.14665153822275712;0.10469196131205877;0.09650895717437784;0.08360647991932453;0.045054819729537676;0.03303818358299272;0.036159194078942754;0.9989896398843034;0.24606450653240955;0.09994125522163444;0.015381280709598889;0.05874076218026788;0.07578222417436625;0.020364607655471254;0.7431778016580682;0.09782259438088683;0.8330919828637096;0.2369320176952931;0.015982924043508397;0.018947130660916543;0.04581218378319628;0.03221114782464488;0.29485332685490284;0.09502273150428074
Pd;0.5966128285454046;0.09994614158495797;0.24377511675493593;0.7981097231421597;0.8551204213916337;0.16087900599740823;0.20045952915182286;0.16335292349915506;0.24377511675493593;0.1219294711966234;0.7981097231421597;1.0;0.14711695931367935;0.3088133915095146;0.12391784076184689;0.6555806660186092;0.12102551689019839;0.13692512662431955;0.1856167977961522;0.14883857287201982;0.17945403852258138;0.1408004951274656;0.10225876944061492;0.07199614634341565;0.10688964159738874;0.7702512102637795;0.3788790438027934;0.16087900599740823;0.04962107879418675;0.12738157582205525;0.16703497247531576;0.06058968141921093;0.518353621877036;0.3681874356570544;0.5818929468664779;0.7739049364181212;0.046848876680455995;0.05404689124379563;0.09946964235565575;0.06981987958856062;0.24377511675493593;0.14119091166306416
La;0.715997055462532;0.5597716073453245;0.5765989410469604;0.09724895184562737;0.10819934660696473;0.6426639279887312;0.6451365829538624;0.5369873831586437;0.5765989410469604;0.5143546135694049;0.09724895184562737;0.14711695931367935;1.0;0.603746059755265;0.6024931622731428;0.32903595361341936;0.928887602148637;0.6133013716066541;0.9493133489981913;0.9759382876885702;0.5914604144217219;0.5595533422619117;0.5042743940279547;0.6810709114462867;0.3001889210001719;0.09208287587289507;0.5585795984758797;0.6426639279887312;0.5069944175081926;0.6540059634433665;0.5235840752568498;0.5138631474311697;0.39588188904248767;0.46978109374997334;0.10624153066139198;0.13259641525797558;0.3508757761853406;0.5156873049024251;0.5587972874584051;0.5263624101102616;0.5765989410469604;0.9584380479414943
As;0.8102163671648299;0.8962724316409367;0.7404771743423467;0.12954603043284696;0.1631917877997034;0.9456511527137716;0.9733767824659864;0.9432832061357057;0.7404771743423467;0.9241264120385487;0.12954603043284696;0.3088133915095146;0.603746059755265;1.0;0.9446213195400145;0.711533240983493;0.7923642164011107;0.9461389630425001;0.7589586238948258;0.45054947573512427;0.94536248770221;0.8475733987776104;0.9070077517324585;0.870622992812317;0.3200221193306037;0.11423124857888821;0.7969854639690733;0.9456511527137716;0.857304195995645;0.9476576287875769;0.9382446390680076;0.8583225066601237;0.17361472422330312;0.7869290645991794;0.1233868621089168;0.358935728971551;0.0512369587448027;0.8590582726551452;0.8952589735632341;0.8588154440836437;0.7404771743423467;0.39709746270726587
Bi;0.7232034005133522;0.9785815852611811;0.8119431603177081;0.04923947191758187;0.06303894674379883;0.9307483634592959;0.9487519329899635;0.9743540238408676;0.8119431603177081;0.960750294834293;0.04923947191758187;0.1239178407618469;0.6024931622731428;0.9446213195400145;1.0;0.5354929809795167;0.8379136042975636;0.9906550338944726;0.7879326752473131;0.42408810901897465;0.9243471217812678;0.8523843709523188;0.9460918489898331;0.9606518001297787;0.20954040004283864;0.042971105259876095;0.6805532691710982;0.9307483634592959;0.9665218870411019;0.9789904936038707;0.9676332448298872;0.9687701874114037;0.1391526904747437;0.6933407237211112;0.060969315566827074;0.14609912454310478;0.017124514184345425;0.9701590576122725;0.9781423078598435;0.9653457470102469;0.8119431603177081;0.36248657538679513
Co;0.8064660784112696;0.49092403235181553;0.39783905998929514;0.21248875536395054;0.2932087934514807;0.5013168000234884;0.5655279841511481;0.6074003610505528;0.39783905998929514;0.5501221080814933;0.21248875536395054;0.6555806660186092;0.32903595361341936;0.711533240983493;0.5354929809795166;1.0;0.4175185193920682;0.5334729663407803;0.4184279972079371;0.2497961636149331;0.5481056245403759;0.46541943234341737;0.5175242112639725;0.4489346000152369;0.435570605517883;0.1760711038806845;0.5751234953782082;0.5013168000234884;0.44639186290801147;0.5135558763210741;0.6141750353981101;0.45684940876085534;0.09832349919819809;0.7066931371066871;0.09017899778913246;0.8329731685842733;0.050767596008267274;0.4508973861357578;0.49047813702362036;0.45712288641478455;0.39783905998929514;0.22224536116618368
Sm;0.7757824827163188;0.803784413265777;0.7523734984312471;0.07339967347307481;0.08333057779190331;0.8077645897691825;0.8224076104861788;0.775259335905065;0.7523734984312471;0.76134322588146;0.07339967347307481;0.12102551689019839;0.928887602148637;0.7923642164011107;0.8379136042975636;0.4175185193920682;1.0;0.8384899373140778;0.9742678816423492;0.8258754644022656;0.7656746082105422;0.7370114772787626;0.7511535829898607;0.9038117989227017;0.26748823273055383;0.06876336627252852;0.6173192241991785;0.8077645897691825;0.7759660795146323;0.8498484634309351;0.7632551618780598;0.7820342464335228;0.31887320286909304;0.6261892048289256;0.0731501484152424;0.11601424088821334;0.23831644778841796;0.7868874094162602;0.8031398421582187;0.7876523207199227;0.7523734984312471;0.7849667612800683
Sb;0.7245285901541224;0.9657152218659427;0.8009612249352749;0.060826529015956345;0.07507666271805061;0.934955969236009;0.9522284395221756;0.9610747432143354;0.8009612249352749;0.9458071964353226;0.060826529015956345;0.13692512662431952;0.613301371606654;0.9461389630425001;0.9906550338944727;0.5334729663407803;0.8384899373140778;1.0;0.7931409312443903;0.44000670205363746;0.9318526890532125;0.8495624599942437;0.9310193546141838;0.9494309285568912;0.20905466751200177;0.05432053584102034;0.7122970823039712;0.934955969236009;0.9479182581089327;0.978116165610028;0.9534706606192641;0.9508317871536209;0.15021507907635692;0.6984890241259208;0.07994515689835191;0.15372834639793193;0.019710685576594094;0.9516115727078263;0.9651738738366723;0.9486507974007454;0.8009612249352749;0.3799967447138384
V;0.7807125568624176;0.7680125445017242;0.7177498806034027;0.1466515382227571;0.15677882515279906;0.7765307987925697;0.783555600064078;0.7332054059720097;0.7177498806034027;0.7044493058114907;0.1466515382227571;0.1856167977961522;0.9493133489981912;0.7589586238948258;0.7879326752473131;0.4184279972079371;0.9742678816423493;0.7931409312443902;1.0;0.8723938622415816;0.7409295861653352;0.6941989665287841;0.6888075156605001;0.8291643456632689;0.3012751891470607;0.14168671189803242;0.6470796305861356;0.7765307987925697;0.7176856890823236;0.8122727941803825;0.7216498063294454;0.726304661554904;0.3676796360153442;0.5588926870533495;0.1296974270717464;0.1388718596582103;0.31190100530915055;0.7267439612809673;0.7673657373525762;0.7453294188255759;0.7177498806034027;0.8381787788589017
Ce;0.6311255113788148;0.37994886086660723;0.4369041603327014;0.10469196131205877;0.1148796653855375;0.5029692974039252;0.49704552933222024;0.3611707827030178;0.4369041603327014;0.33498752067706716;0.10469196131205877;0.14883857287201985;0.9759382876885702;0.45054947573512427;0.42408810901897465;0.2497961636149331;0.8258754644022654;0.4400067020536374;0.8723938622415816;1.0;0.44961472690327153;0.4185780077525209;0.3256862919530562;0.5051474468882107;0.2957238175553457;0.09983880723354925;0.4867368725149296;0.5029692974039252;0.3158504721854039;0.4960010201479777;0.34779381918216307;0.3225671471650019;0.4158569734110798;0.3393938044621271;0.11960906776234771;0.12743265643021706;0.3920325348994262;0.3227935811765084;0.37884974593727955;0.33846774936810964;0.4369041603327014;0.9973572597605792
Ag;0.6956328561065815;0.871851469136268;0.7116237765515515;0.09650895717437785;0.11280237308600927;0.9726441618920902;0.9694789879103087;0.9209917435466335;0.7116237765515515;0.9120681507825805;0.09650895717437785;0.17945403852258138;0.5914604144217219;0.94536248770221;0.9243471217812678;0.548105624540376;0.7656746082105423;0.9318526890532125;0.7409295861653352;0.44961472690327153;1.0;0.851406060290718;0.9001080025595732;0.830692720443776;0.23587978234606374;0.08898115892533869;0.8293744280833619;0.9726441618920902;0.8200176168135891;0.9639671535949152;0.913745764381316;0.8173711113729984;0.17609322113009235;0.6145914177973987;0.147512997804682;0.18349245040527892;0.014046337211816967;0.8240537075079482;0.8705196303105621;0.8220970782494964;0.7116237765515515;0.3991704208776902
Ge;0.6534545838969698;0.8338345715386208;0.7175892408339044;0.08360647991932453;0.09532195989598052;0.862354609117594;0.8632573274201889;0.8441540272613791;0.7175892408339044;0.837443814361545;0.08360647991932453;0.14080049512746562;0.5595533422619116;0.8475733987776104;0.8523843709523188;0.46541943234341737;0.7370114772787625;0.8495624599942438;0.6941989665287841;0.4185780077525209;0.8514060602907182;1.0;0.8267952925646035;0.8104592580343464;0.17282661484489015;0.07814687171772028;0.7069719768714401;0.862354609117594;0.788494964201969;0.8665567425156109;0.8381570121833897;0.7849736655062429;0.156432046392741;0.5587448974733266;0.1117460647683049;0.13600756843496206;0.028854938011773367;0.795531259632564;0.8330059467209301;0.7896657069936552;0.7175892408339044;0.3676189759625752
Mo;0.6506207959127691;0.9095640724853551;0.7576406079144784;0.04505481972953768;0.05578398801304142;0.8794568029420662;0.8977277366184677;0.9586329200492992;0.7576406079144784;0.9964716696756833;0.04505481972953768;0.10225876944061492;0.5042743940279547;0.9070077517324585;0.9460918489898331;0.5175242112639725;0.7511535829898607;0.931019354614184;0.6888075156605001;0.32568629195305615;0.9001080025595732;0.8267952925646035;1.0;0.902544428624149;0.2015166239262419;0.04015879589789277;0.6209317939055922;0.8794568029420662;0.9154177295016108;0.9153263990680472;0.9570902626770539;0.9106171904106306;0.09859169717212181;0.6462934373403326;0.03727451855186554;0.1155320364979136;0.007575438729652233;0.9212131221374751;0.9090616540830594;0.9095063979795571;0.7576406079144784;0.26520176623240016
Y;0.7082861375844259;0.9420110732236459;0.8203792363084699;0.03303818358299272;0.04043764206239099;0.8546408338129672;0.8814350583369357;0.9125055473380856;0.8203792363084699;0.9110796099910194;0.03303818358299272;0.07199614634341565;0.6810709114462868;0.870622992812317;0.9606518001297787;0.4489346000152369;0.9038117989227019;0.9494309285568912;0.8291643456632689;0.5051474468882106;0.8306927204437761;0.8104592580343464;0.902544428624149;1.0;0.18456765607480488;0.029655116645287624;0.5754491720699743;0.8546408338129672;0.9480616535159594;0.9243906007696701;0.9042817162807613;0.9522331734859835;0.17265948660406988;0.7000891623079576;0.021432210077340162;0.08024060042362925;0.06701441543338046;0.9595166614217153;0.9418592175262123;0.9487849721491176;0.8203792363084699;0.44452252401743564
Ta;0.3095240184000055;0.18408099954250112;0.13552319711111593;0.036159194078942754;0.049114164419234004;0.20631667232429451;0.25018611080966796;0.27680212163507717;0.13552319711111593;0.22722951861920535;0.036159194078942754;0.10688964159738874;0.3001889210001719;0.3200221193306037;0.20954040004283864;0.43557060551788296;0.26748823273055383;0.20905466751200177;0.3012751891470607;0.29572381755534577;0.23587978234606374;0.17282661484489015;0.2015166239262419;0.1845676560748049;1.0;0.03030764695583575;0.2688938215915458;0.20631667232429451;0.14439132625078926;0.19760501069671652;0.2841051863117704;0.1581382330606293;0.07735667057964501;0.3968256938720049;0.04559258329582835;0.13427496958380833;0.5506356853229873;0.15731738853770277;0.18379353811971802;0.1754576695116958;0.13552319711111593;0.29304894601092263
Pt;0.29375061983824813;0.04161229426265252;0.29384719961630673;0.9989896398843036;0.9892590301505116;0.09389003202936469;0.09481946239001512;0.06603104607822581;0.29384719961630673;0.04854658541368215;0.9989896398843036;0.7702512102637795;0.09208287587289507;0.11423124857888821;0.0429711052598761;0.1760711038806845;0.0687633662725285;0.05432053584102035;0.14168671189803242;0.09983880723354924;0.08898115892533869;0.07814687171772029;0.04015879589789278;0.02965511664528763;0.03030764695583575;1.0;0.2327045493793329;0.09389003202936469;0.012575853847049772;0.05283593796704657;0.06788590248055613;0.017076871085723398;0.7477119485594067;0.07600380138153298;0.8381165530785626;0.19303120663384746;0.013447774925332836;0.016063662400822253;0.04123743989297882;0.02904765395799173;0.29384719961630673;0.09017964739913799
Au;0.6760568668406194;0.6481685316874369;0.5312372315353249;0.2460645065324095;0.27442373694186506;0.8082004229632078;0.793010083400262;0.7112290472693361;0.5312372315353249;0.6511342252812994;0.2460645065324095;0.37887904380279336;0.5585795984758797;0.7969854639690732;0.6805532691710982;0.5751234953782083;0.6173192241991786;0.7122970823039712;0.6470796305861356;0.4867368725149296;0.8293744280833619;0.7069719768714401;0.6209317939055922;0.5754491720699743;0.2688938215915458;0.2327045493793329;1.0;0.8082004229632078;0.5182919690815839;0.7720295365471784;0.7061342067268767;0.5230905447720386;0.26098471285383495;0.4468038358000914;0.28433297983638295;0.3417387425090998;0.07620013661504912;0.5356044823190055;0.6466203159555622;0.5462386166043462;0.5312372315353249;0.45701189480036564
Zn;0.7021599125045099;0.8833901662726377;0.7355224722763894;0.09994125522163444;0.11287201695343063;1.0;0.9919641838503465;0.8990819054201583;0.7355224722763894;0.88983543812644;0.09994125522163444;0.16087900599740823;0.6426639279887312;0.9456511527137716;0.9307483634592959;0.5013168000234883;0.8077645897691826;0.9349559692360089;0.7765307987925697;0.5029692974039252;0.9726441618920902;0.862354609117594;0.8794568029420661;0.8546408338129671;0.20631667232429451;0.0938900320293647;0.8082004229632077;1.0;0.8302837252879689;0.9757695936351422;0.8882685244502274;0.8261987403907243;0.21175205195114877;0.6201564237482032;0.17775359330604948;0.15231042445926782;0.006383580167339103;0.8329864625258987;0.881945720670863;0.8260451632479673;0.7355224722763894;0.4524988098214076
Hg;0.6406578758170121;0.9696512674151779;0.8115335416964047;0.015381280709598889;0.021606896910200558;0.830283725287969;0.8532620155479158;0.9334664760099128;0.8115335416964047;0.9272549952329793;0.015381280709598889;0.04962107879418675;0.5069944175081926;0.8573041959956451;0.9665218870411019;0.44639186290801147;0.7759660795146323;0.9479182581089327;0.7176856890823236;0.3158504721854039;0.8200176168135892;0.788494964201969;0.9154177295016106;0.9480616535159594;0.14439132625078926;0.01257585384704977;0.5182919690815838;0.830283725287969;1.0;0.9086738340756183;0.9281607811972834;0.9913443749324031;0.09171419032376558;0.6391499308420567;0.007594101616370623;0.06395547431872223;0.004178898871074636;0.9919643850976834;0.9698191409071781;0.9873281216404008;0.8115335416964047;0.25064760547894727
Pb;0.722438874116618;0.9474156959243041;0.7819972601569871;0.05874076218026788;0.0716477996980577;0.9757695936351422;0.97595788465678;0.9482721196539436;0.7819972601569871;0.9302389163576329;0.05874076218026788;0.12738157582205523;0.6540059634433665;0.9476576287875768;0.9789904936038707;0.5135558763210741;0.849848463430935;0.9781161656100279;0.8122727941803825;0.49600102014797776;0.9639671535949151;0.8665567425156109;0.9153263990680472;0.9243906007696701;0.19760501069671654;0.05283593796704657;0.7720295365471783;0.9757695936351422;0.9086738340756183;1.0;0.9386903814852681;0.9071184070709793;0.17226479519811358;0.6305059756945361;0.10306447841992705;0.14028377779555076;0.00511417334862159;0.9129123316479772;0.9465007660317698;0.9076133322627375;0.7819972601569871;0.4401090216373984
Cu;0.7149157884769372;0.949932091285877;0.7762364642839311;0.07578222417436625;0.09306301704214853;0.8882685244502274;0.9102410716317182;0.999544701828073;0.7762364642839311;0.9780353470034897;0.07578222417436625;0.16703497247531576;0.5235840752568498;0.9382446390680076;0.9676332448298872;0.6141750353981101;0.7632551618780598;0.9534706606192642;0.7216498063294455;0.34779381918216307;0.913745764381316;0.8381570121833897;0.9570902626770539;0.9042817162807613;0.28410518631177045;0.06788590248055615;0.7061342067268768;0.8882685244502274;0.9281607811972834;0.9386903814852681;1.0;0.9304336232576341;0.11776801250921382;0.6631591390506212;0.08170583826227429;0.18700099181266713;0.011725842151623141;0.935351642692;0.9496055571541713;0.9327107500193177;0.7762364642839311;0.28731722494258394
W;0.6496897412463589;0.9724648526436364;0.8126374331754599;0.020364607655471254;0.027643096996911254;0.8261987403907242;0.8520262057106424;0.9355528872019903;0.8126374331754599;0.9244603475358986;0.020364607655471254;0.060589681419210936;0.5138631474311697;0.8583225066601237;0.9687701874114037;0.45684940876085534;0.7820342464335228;0.9508317871536209;0.726304661554904;0.3225671471650019;0.8173711113729983;0.784973665506243;0.9106171904106307;0.9522331734859835;0.1581382330606293;0.017076871085723398;0.5230905447720386;0.8261987403907242;0.9913443749324031;0.9071184070709793;0.930433623257634;1.0;0.09364053038350356;0.6533865152235253;0.004721482194104861;0.07545380628346858;0.007695200421848818;0.9940650488082032;0.9726758018601671;0.9904549243658436;0.8126374331754599;0.257386115805502
Mn;0.3570624031363006;0.11434479446061062;0.3566560259488541;0.7431778016580682;0.7273904216378558;0.21175205195114877;0.203158384658949;0.12226904672863338;0.3566560259488541;0.1050229946025312;0.7431778016580682;0.518353621877036;0.39588188904248767;0.17361472422330315;0.1391526904747437;0.09832349919819809;0.3188732028690931;0.1502150790763569;0.3676796360153442;0.4158569734110798;0.17609322113009235;0.156432046392741;0.09859169717212181;0.17265948660406988;0.07735667057964501;0.7477119485594067;0.26098471285383495;0.21175205195114877;0.0917141903237656;0.17226479519811358;0.11776801250921382;0.09364053038350356;1.0;0.11302591749983057;0.6952375853810606;0.0618321091507159;0.0788900289148879;0.08994517740892596;0.11361801819537772;0.09298173116385187;0.3566560259488541;0.4092479517978176
Sn;0.7133741964056355;0.6285715201932319;0.5315736884496042;0.09782259438088683;0.14640394036364265;0.6201564237482032;0.7122902078793468;0.6661496304683057;0.5315736884496042;0.6569296961117602;0.09782259438088683;0.3681874356570544;0.46978109374997334;0.7869290645991794;0.6933407237211112;0.7066931371066872;0.6261892048289257;0.6984890241259208;0.5588926870533495;0.3393938044621271;0.6145914177973987;0.5587448974733266;0.6462934373403326;0.7000891623079575;0.3968256938720049;0.07600380138153298;0.4468038358000915;0.6201564237482032;0.6391499308420567;0.6305059756945361;0.6631591390506212;0.6533865152235254;0.11302591749983057;1.0;0.009161841208324672;0.49271463117206693;0.17052222195628522;0.6357138454711538;0.6281430539091837;0.6393957506010801;0.5315736884496042;0.2981610471570128
Cr;0.22274885998902794;0.06075765231521369;0.266674012212268;0.8330919828637096;0.8155259583166754;0.1777535933060495;0.15692227482734852;0.08200304464100623;0.266674012212268;0.050474561975321214;0.8330919828637096;0.5818929468664779;0.10624153066139198;0.12338686210891678;0.060969315566827074;0.09017899778913248;0.0731501484152424;0.07994515689835191;0.1296974270717464;0.11960906776234771;0.147512997804682;0.11174606476830491;0.03727451855186554;0.021432210077340162;0.04559258329582835;0.8381165530785625;0.28433297983638295;0.1777535933060495;0.007594101616370623;0.10306447841992705;0.0817058382622743;0.0047214821941048615;0.6952375853810605;0.009161841208324672;1.0;0.07056990979253307;0.0010471197125026662;0.020160661843452603;0.059943646463136574;0.014207959679020086;0.266674012212268;0.11222330629076344
Ni;0.6266478698919999;0.10911680005476929;0.08517032291440121;0.2369320176952931;0.33438181782478266;0.15231042445926782;0.2126823121318339;0.183171830579785;0.08517032291440121;0.13725923523890662;0.2369320176952931;0.7739049364181213;0.13259641525797558;0.35893572897155107;0.14609912454310478;0.8329731685842734;0.11601424088821333;0.15372834639793195;0.1388718596582103;0.12743265643021706;0.18349245040527895;0.13600756843496203;0.1155320364979136;0.08024060042362925;0.1342749695838083;0.19303120663384746;0.3417387425090998;0.15231042445926782;0.06395547431872223;0.14028377779555076;0.18700099181266713;0.07545380628346858;0.06183210915071591;0.49271463117206693;0.07056990979253305;1.0;0.05824207619022442;0.06640953598718438;0.10874957792853875;0.075316029970459;0.08517032291440121;0.12513520866199362
Nb;0.16564101783147112;0.03660373611814118;0.029075818301086343;0.015982924043508397;0.021593226044254926;0.006383580167339103;0.031162508077425377;0.011742659921831206;0.029075818301086343;0.00884490662243301;0.015982924043508397;0.046848876680456;0.35087577618534066;0.0512369587448027;0.017124514184345425;0.05076759600826727;0.23831644778841796;0.019710685576594097;0.31190100530915055;0.3920325348994262;0.014046337211816967;0.028854938011773367;0.007575438729652233;0.06701441543338046;0.5506356853229873;0.013447774925332836;0.07620013661504914;0.006383580167339103;0.0041788988710746355;0.005114173348621591;0.01172584215162314;0.007695200421848818;0.0788900289148879;0.17052222195628522;0.0010471197125026662;0.05824207619022442;1.0;0.029832814358575308;0.03677375442620267;0.06289476890435276;0.029075818301086343;0.40294395903446406
Mg;0.6449888279976866;0.9747690034382323;0.8123916742761387;0.018947130660916547;0.02532253840607973;0.8329864625258987;0.8554784544899909;0.9403405188857245;0.8123916742761387;0.9335061225501662;0.018947130660916547;0.05404689124379563;0.5156873049024251;0.8590582726551452;0.9701590576122725;0.45089738613575775;0.7868874094162602;0.9516115727078263;0.7267439612809673;0.3227935811765084;0.8240537075079482;0.795531259632564;0.9212131221374752;0.9595166614217153;0.15731738853770275;0.016063662400822253;0.5356044823190055;0.8329864625258987;0.9919643850976834;0.9129123316479772;0.9353516426920001;0.9940650488082031;0.08994517740892596;0.6357138454711538;0.020160661843452603;0.06640953598718437;0.02983281435857531;1.0;0.9749487765993026;0.9925195282810586;0.8123916742761387;0.25729471854991404
Al;0.6897422479207042;0.9999952773518318;0.8188925101940264;0.04581218378319628;0.05580961178002164;0.8819457206708631;0.8967239180290313;0.9552941432987458;0.8188925101940264;0.9288941172234765;0.04581218378319628;0.09946964235565575;0.5587972874584051;0.895258973563234;0.9781423078598434;0.49047813702362036;0.8031398421582185;0.9651738738366722;0.7673657373525762;0.37884974593727955;0.870519630310562;0.83300594672093;0.9090616540830595;0.9418592175262123;0.183793538119718;0.04123743989297882;0.6466203159555622;0.8819457206708631;0.9698191409071781;0.9465007660317698;0.9496055571541712;0.9726758018601671;0.1136180181953777;0.6281430539091838;0.059943646463136574;0.10874957792853873;0.03677375442620267;0.9749487765993027;1.0;0.9802419999399815;0.8188925101940264;0.316074938021105
Si;0.6555947464638647;0.9799865042991879;0.8145597012739108;0.03221114782464488;0.03912053533729607;0.8260451632479673;0.849976917807143;0.9374309157753589;0.8145597012739108;0.9243208886655805;0.03221114782464488;0.06981987958856062;0.5263624101102616;0.8588154440836436;0.9653457470102469;0.45712288641478455;0.7876523207199226;0.9486507974007453;0.7453294188255758;0.33846774936810964;0.8220970782494964;0.7896657069936552;0.9095063979795571;0.9487849721491176;0.1754576695116958;0.02904765395799173;0.5462386166043462;0.8260451632479673;0.9873281216404007;0.9076133322627375;0.9327107500193178;0.9904549243658436;0.09298173116385189;0.63939575060108;0.014207959679020088;0.075316029970459;0.06289476890435276;0.9925195282810586;0.9802419999399816;1.0;0.8145597012739108;0.27398411795326855
Ti;0.7742915697434564;0.8189753862045167;0.9999999999999999;0.29485332685490284;0.2949291299332388;0.7355224722763894;0.7480412734061765;0.7820010794936588;0.9999999999999999;0.7697688720759713;0.29485332685490284;0.24377511675493593;0.5765989410469604;0.7404771743423467;0.8119431603177081;0.3978390599892951;0.7523734984312471;0.8009612249352748;0.7177498806034027;0.43690416033270135;0.7116237765515514;0.7175892408339045;0.7576406079144785;0.82037923630847;0.13552319711111593;0.29384719961630673;0.5312372315353249;0.7355224722763894;0.8115335416964048;0.7819972601569871;0.7762364642839311;0.81263743317546;0.3566560259488541;0.5315736884496043;0.266674012212268;0.08517032291440121;0.029075818301086343;0.8123916742761386;0.8188925101940264;0.8145597012739109;1.0;0.3745096428013656
Fe;0.5907960697601637;0.31720625606199687;0.3745096428013656;0.09502273150428076;0.10525975881070868;0.4524988098214076;0.4445859931754858;0.30059430384641256;0.3745096428013656;0.27396702151740326;0.09502273150428076;0.14119091166306416;0.9584380479414945;0.3970974627072658;0.3624865753867951;0.2222453611661837;0.7849667612800681;0.37999674471383843;0.8381787788589017;0.9973572597605792;0.3991704208776903;0.36761897596257515;0.26520176623240016;0.4445225240174356;0.29304894601092263;0.09017964739913797;0.45701189480036564;0.4524988098214076;0.25064760547894727;0.4401090216373984;0.28731722494258394;0.257386115805502;0.4092479517978176;0.2981610471570128;0.11222330629076344;0.12513520866199362;0.402943959034464;0.25729471854991404;0.316074938021105;0.27398411795326855;0.3745096428013656;1.0
