;Mn;Pd;Cr;Rh;Pt;Ru;Ir;Ta;Nb;Sn;Sc;Co;Ni;Sm;V;La;Ce;Fe;Au;Ti;Zr;Hf;As;Ag;In;Zn;Ge;Cd;Te;Cu;Re;Mo;Y;Pb;Bi;Sb;Ga;Al;Si;Hg;W;Mg
Mn;1.0;0.518353621877036;0.6952375853810605;0.7273904216378558;0.7477119485594067;0.7431778016580681;0.7431778016580681;0.07735667057964501;0.0788900289148879;0.11302591749983057;0.3570624031363005;0.0983234991981981;0.0618321091507159;0.3188732028690931;0.3676796360153442;0.39588188904248783;0.41585697341107963;0.4092479517978176;0.260984712853835;0.3566560259488541;0.3566560259488541;0.3566560259488541;0.17361472422330312;0.17609322113009235;0.20315838465894892;0.21175205195114877;0.21175205195114877;0.21175205195114877;0.12226904672863337;0.11776801250921382;0.10502299460253123;0.09859169717212181;0.1726594866040699;0.17226479519811358;0.1391526904747437;0.15021507907635684;0.1143447944606106;0.11361801819537772;0.09298173116385187;0.09171419032376564;0.09364053038350356;0.08994517740892596
Pd;0.518353621877036;1.0;0.5818929468664777;0.8551204213916338;0.7702512102637795;0.7981097231421594;0.7981097231421594;0.1068896415973887;0.04684887668045599;0.3681874356570543;0.5966128285454043;0.6555806660186092;0.773904936418121;0.12102551689019841;0.1856167977961522;0.14711695931367932;0.14883857287201976;0.14119091166306413;0.37887904380279336;0.24377511675493596;0.24377511675493593;0.24377511675493593;0.3088133915095146;0.17945403852258135;0.20045952915182275;0.16087900599740823;0.16087900599740823;0.16087900599740823;0.16335292349915503;0.16703497247531573;0.12192947119662342;0.1022587694406149;0.07199614634341565;0.1273815758220552;0.12391784076184689;0.1369251266243195;0.09994614158495796;0.09946964235565574;0.0698198795885606;0.049621078794186736;0.06058968141921092;0.054046891243795615
Cr;0.6952375853810604;0.5818929468664777;1.0;0.8155259583166755;0.8381165530785625;0.8330919828637094;0.8330919828637094;0.04559258329582834;0.0010471197125026662;0.009161841208324672;0.22274885998902788;0.09017899778913245;0.07056990979253307;0.07315014841524241;0.1296974270717464;0.10624153066139201;0.11960906776234768;0.11222330629076345;0.28433297983638295;0.266674012212268;0.266674012212268;0.266674012212268;0.12338686210891678;0.14751299780468202;0.15692227482734852;0.1777535933060495;0.1777535933060495;0.1777535933060495;0.08200304464100625;0.0817058382622743;0.05047456197532123;0.037274518551865546;0.021432210077340162;0.10306447841992704;0.060969315566827074;0.0799451568983519;0.0607576523152137;0.059943646463136574;0.014207959679020086;0.007594101616370631;0.0047214821941048615;0.020160661843452603
Rh;0.7273904216378558;0.8551204213916338;0.8155259583166755;1.0;0.9892590301505118;0.9948286966024011;0.9948286966024011;0.04911416441923401;0.021593226044254926;0.14640394036364263;0.3755029362823749;0.29320879345148076;0.3343818178247827;0.08333057779190332;0.15677882515279912;0.10819934660696477;0.1148796653855375;0.10525975881070868;0.27442373694186506;0.2949291299332389;0.2949291299332389;0.2949291299332389;0.16319178779970336;0.11280237308600927;0.12275863370441491;0.11287201695343065;0.11287201695343065;0.11287201695343065;0.09071097437661706;0.09306301704214855;0.06707728606734571;0.05578398801304143;0.04043764206239101;0.0716477996980577;0.0630389467437988;0.0750766627180506;0.056224367120215474;0.05580961178002164;0.039120535337296064;0.021606896910200558;0.02764309699691125;0.02532253840607973
Pt;0.7477119485594067;0.7702512102637795;0.8381165530785626;0.9892590301505116;1.0;0.9989896398843033;0.9989896398843033;0.03030764695583575;0.013447774925332836;0.07600380138153297;0.293750619838248;0.1760711038806845;0.19303120663384746;0.0687633662725285;0.14168671189803245;0.09208287587289508;0.09983880723354922;0.09017964739913799;0.2327045493793329;0.2938471996163068;0.2938471996163068;0.2938471996163068;0.11423124857888821;0.08898115892533867;0.0948194623900151;0.09389003202936469;0.09389003202936469;0.09389003202936469;0.06603104607822581;0.06788590248055612;0.04854658541368219;0.04015879589789277;0.029655116645287624;0.05283593796704657;0.0429711052598761;0.05432053584102033;0.04161229426265252;0.04123743989297882;0.02904765395799173;0.012575853847049774;0.017076871085723394;0.016063662400822253
Ru;0.7431778016580681;0.7981097231421596;0.8330919828637094;0.9948286966024013;0.9989896398843032;1.0;1.0;0.03615919407894275;0.01598292404350839;0.0978225943808868;0.31955871893754256;0.21248875536395054;0.23693201769529304;0.07339967347307483;0.1466515382227571;0.09724895184562739;0.10469196131205874;0.09502273150428073;0.2460645065324095;0.29485332685490273;0.2948533268549028;0.2948533268549028;0.12954603043284693;0.09650895717437781;0.10362671197336529;0.09994125522163444;0.09994125522163444;0.09994125522163444;0.0737702560832467;0.07578222417436625;0.054355135330826844;0.045054819729537676;0.033038183582992715;0.05874076218026787;0.04923947191758188;0.060826529015956324;0.046200164899325484;0.04581218378319627;0.032211147824644876;0.015381280709598894;0.020364607655471247;0.018947130660916543
Ir;0.7431778016580681;0.7981097231421596;0.8330919828637094;0.9948286966024013;0.9989896398843032;1.0;1.0;0.03615919407894275;0.01598292404350839;0.0978225943808868;0.31955871893754256;0.21248875536395054;0.23693201769529304;0.07339967347307483;0.1466515382227571;0.09724895184562739;0.10469196131205874;0.09502273150428073;0.2460645065324095;0.29485332685490273;0.2948533268549028;0.2948533268549028;0.12954603043284693;0.09650895717437781;0.10362671197336529;0.09994125522163444;0.09994125522163444;0.09994125522163444;0.0737702560832467;0.07578222417436625;0.054355135330826844;0.045054819729537676;0.033038183582992715;0.05874076218026787;0.04923947191758188;0.060826529015956324;0.046200164899325484;0.04581218378319627;0.032211147824644876;0.015381280709598894;0.020364607655471247;0.018947130660916543
Ta;0.07735667057964501;0.10688964159738872;0.04559258329582834;0.04911416441923402;0.03030764695583575;0.03615919407894275;0.03615919407894275;1.0;0.5506356853229875;0.3968256938720048;0.30952401840000543;0.43557060551788296;0.13427496958380833;0.2674882327305538;0.30127518914706075;0.30018892100017197;0.2957238175553457;0.29304894601092263;0.2688938215915458;0.13552319711111593;0.13552319711111593;0.13552319711111593;0.3200221193306037;0.23587978234606374;0.2501861108096679;0.20631667232429446;0.20631667232429446;0.20631667232429446;0.2768021216350772;0.2841051863117704;0.22722951861920543;0.20151662392624187;0.18456765607480488;0.1976050106967165;0.2095404000428387;0.20905466751200177;0.18408099954250112;0.18379353811971802;0.1754576695116958;0.14439132625078932;0.15813823306062927;0.15731738853770277
Nb;0.0788900289148879;0.046848876680455995;0.0010471197125026662;0.021593226044254926;0.013447774925332836;0.01598292404350839;0.01598292404350839;0.5506356853229875;1.0;0.17052222195628522;0.165641017831471;0.05076759600826726;0.05824207619022442;0.23831644778841798;0.31190100530915055;0.3508757761853406;0.3920325348994262;0.4029439590344641;0.07620013661504914;0.029075818301086343;0.029075818301086343;0.029075818301086343;0.0512369587448027;0.014046337211816967;0.03116250807742537;0.006383580167339103;0.006383580167339103;0.006383580167339103;0.011742659921831206;0.01172584215162314;0.008844906622433011;0.007575438729652232;0.06701441543338048;0.005114173348621591;0.017124514184345425;0.019710685576594084;0.03660373611814119;0.03677375442620267;0.06289476890435275;0.0041788988710746355;0.007695200421848816;0.029832814358575308
Sn;0.11302591749983057;0.3681874356570543;0.009161841208324672;0.14640394036364263;0.07600380138153297;0.0978225943808868;0.0978225943808868;0.3968256938720048;0.1705222219562852;1.0;0.7133741964056353;0.706693137106687;0.4927146311720668;0.6261892048289256;0.5588926870533495;0.4697810937499735;0.339393804462127;0.2981610471570128;0.4468038358000913;0.5315736884496042;0.5315736884496042;0.5315736884496042;0.7869290645991793;0.6145914177973988;0.7122902078793467;0.6201564237482031;0.6201564237482031;0.6201564237482031;0.6661496304683057;0.663159139050621;0.6569296961117606;0.6462934373403325;0.7000891623079576;0.6305059756945359;0.6933407237211111;0.6984890241259207;0.6285715201932319;0.6281430539091839;0.6393957506010799;0.6391499308420568;0.6533865152235255;0.635713845471154
Sc;0.35706240313630055;0.5966128285454043;0.22274885998902788;0.3755029362823749;0.293750619838248;0.31955871893754256;0.31955871893754256;0.3095240184000055;0.16564101783147103;0.7133741964056354;1.0;0.8064660784112693;0.6266478698919998;0.7757824827163188;0.7807125568624175;0.7159970554625318;0.6311255113788146;0.5907960697601636;0.6760568668406192;0.7742915697434561;0.7742915697434561;0.7742915697434561;0.8102163671648298;0.6956328561065813;0.7427981526104122;0.70215991250451;0.70215991250451;0.70215991250451;0.7189643971578912;0.7149157884769369;0.6750321720776767;0.6506207959127691;0.7082861375844259;0.7224388741166179;0.7232034005133521;0.7245285901541221;0.6903508793966131;0.6897422479207039;0.6555947464638646;0.640657875817012;0.6496897412463589;0.6449888279976864
Co;0.09832349919819812;0.6555806660186091;0.09017899778913244;0.2932087934514807;0.1760711038806845;0.21248875536395057;0.21248875536395057;0.435570605517883;0.05076759600826726;0.7066931371066871;0.8064660784112693;1.0;0.8329731685842733;0.41751851939206835;0.4184279972079371;0.3290359536134194;0.2497961636149331;0.22224536116618382;0.5751234953782083;0.3978390599892952;0.3978390599892952;0.3978390599892952;0.7115332409834932;0.548105624540376;0.565527984151148;0.5013168000234884;0.5013168000234884;0.5013168000234884;0.6074003610505528;0.61417503539811;0.5501221080814935;0.5175242112639725;0.44893460001523694;0.5135558763210741;0.5354929809795168;0.5334729663407805;0.4909240323518157;0.49047813702362053;0.4571228864147846;0.44639186290801164;0.4568494087608555;0.4508973861357578
Ni;0.0618321091507159;0.773904936418121;0.07056990979253305;0.33438181782478266;0.19303120663384746;0.23693201769529304;0.23693201769529304;0.1342749695838083;0.05824207619022442;0.4927146311720669;0.6266478698919998;0.8329731685842734;1.0;0.11601424088821331;0.1388718596582103;0.13259641525797558;0.127432656430217;0.12513520866199362;0.3417387425090998;0.08517032291440121;0.08517032291440121;0.08517032291440121;0.35893572897155107;0.18349245040527892;0.2126823121318338;0.15231042445926785;0.15231042445926785;0.15231042445926785;0.18317183057978506;0.1870009918126671;0.13725923523890668;0.1155320364979136;0.08024060042362925;0.14028377779555073;0.14609912454310478;0.15372834639793193;0.10911680005476929;0.10874957792853875;0.075316029970459;0.06395547431872224;0.07545380628346858;0.06640953598718437
Sm;0.31887320286909304;0.1210255168901984;0.07315014841524241;0.08333057779190332;0.06876336627252852;0.07339967347307481;0.07339967347307481;0.2674882327305538;0.238316447788418;0.6261892048289256;0.7757824827163187;0.4175185193920684;0.11601424088821331;1.0;0.9742678816423492;0.9288876021486367;0.8258754644022652;0.784966761280068;0.6173192241991787;0.7523734984312471;0.7523734984312471;0.7523734984312471;0.7923642164011104;0.7656746082105423;0.8224076104861782;0.8077645897691825;0.8077645897691825;0.8077645897691825;0.7752593359050655;0.7632551618780598;0.7613432258814601;0.7511535829898606;0.9038117989227021;0.8498484634309348;0.8379136042975637;0.838489937314078;0.803784413265777;0.8031398421582187;0.7876523207199227;0.7759660795146323;0.7820342464335228;0.7868874094162602
V;0.3676796360153442;0.18561679779615217;0.1296974270717464;0.15677882515279912;0.14168671189803247;0.14665153822275706;0.14665153822275706;0.30127518914706075;0.31190100530915055;0.5588926870533495;0.7807125568624174;0.4184279972079371;0.1388718596582103;0.9742678816423493;1.0;0.9493133489981913;0.8723938622415814;0.8381787788589017;0.6470796305861358;0.7177498806034028;0.7177498806034027;0.7177498806034027;0.7589586238948256;0.7409295861653352;0.7835556000640779;0.7765307987925697;0.7765307987925697;0.7765307987925697;0.7332054059720096;0.7216498063294454;0.704449305811491;0.6888075156605;0.829164345663269;0.8122727941803823;0.7879326752473131;0.7931409312443901;0.7680125445017242;0.7673657373525762;0.745329418825576;0.7176856890823237;0.726304661554904;0.7267439612809673
La;0.39588188904248783;0.14711695931367932;0.106241530661392;0.10819934660696477;0.09208287587289508;0.09724895184562739;0.09724895184562739;0.300188921000172;0.3508757761853406;0.46978109374997346;0.7159970554625318;0.32903595361341936;0.13259641525797558;0.9288876021486369;0.9493133489981914;1.0;0.97593828768857;0.9584380479414946;0.5585795984758797;0.5765989410469603;0.5765989410469603;0.5765989410469603;0.6037460597552649;0.5914604144217219;0.6451365829538624;0.6426639279887313;0.6426639279887313;0.6426639279887313;0.5369873831586438;0.5235840752568498;0.5143546135694053;0.5042743940279547;0.6810709114462866;0.6540059634433665;0.6024931622731428;0.6133013716066542;0.5597716073453244;0.5587972874584051;0.5263624101102615;0.5069944175081929;0.5138631474311699;0.5156873049024251
Ce;0.41585697341107963;0.1488385728720198;0.1196090677623477;0.1148796653855375;0.09983880723354924;0.10469196131205874;0.10469196131205874;0.2957238175553457;0.3920325348994262;0.339393804462127;0.6311255113788147;0.2497961636149331;0.127432656430217;0.8258754644022652;0.8723938622415814;0.97593828768857;1.0;0.9973572597605791;0.4867368725149294;0.4369041603327014;0.4369041603327013;0.4369041603327013;0.45054947573512416;0.44961472690327137;0.49704552933222;0.5029692974039249;0.5029692974039249;0.5029692974039249;0.3611707827030176;0.34779381918216284;0.3349875206770671;0.32568629195305604;0.5051474468882106;0.49600102014797753;0.42408810901897437;0.4400067020536371;0.3799488608666072;0.3788497459372793;0.3384677493681096;0.31585047218540396;0.32256714716500173;0.32279358117650825
Fe;0.4092479517978176;0.14119091166306413;0.11222330629076345;0.10525975881070868;0.09017964739913799;0.09502273150428074;0.09502273150428074;0.29304894601092263;0.40294395903446406;0.2981610471570128;0.5907960697601636;0.22224536116618382;0.12513520866199362;0.784966761280068;0.8381787788589017;0.9584380479414946;0.9973572597605791;1.0;0.4570118948003655;0.3745096428013656;0.3745096428013656;0.3745096428013656;0.3970974627072658;0.3991704208776903;0.44458599317548575;0.4524988098214076;0.4524988098214077;0.4524988098214077;0.30059430384641256;0.2873172249425839;0.2739670215174034;0.2652017662324001;0.4445225240174357;0.4401090216373984;0.36248657538679513;0.37999674471383826;0.3172062560619969;0.316074938021105;0.27398411795326855;0.25064760547894727;0.257386115805502;0.25729471854991404
Au;0.260984712853835;0.37887904380279336;0.28433297983638295;0.27442373694186506;0.2327045493793329;0.24606450653240947;0.24606450653240947;0.2688938215915458;0.07620013661504912;0.4468038358000913;0.6760568668406192;0.5751234953782084;0.3417387425090998;0.6173192241991787;0.6470796305861357;0.5585795984758798;0.4867368725149294;0.4570118948003655;1.0;0.5312372315353249;0.5312372315353249;0.5312372315353249;0.7969854639690734;0.8293744280833619;0.793010083400262;0.808200422963208;0.808200422963208;0.808200422963208;0.7112290472693364;0.7061342067268769;0.6511342252812996;0.6209317939055922;0.5754491720699744;0.7720295365471784;0.6805532691710984;0.7122970823039712;0.648168531687437;0.6466203159555622;0.5462386166043464;0.518291969081584;0.5230905447720386;0.5356044823190056
Ti;0.3566560259488541;0.24377511675493596;0.266674012212268;0.2949291299332389;0.2938471996163068;0.29485332685490273;0.29485332685490273;0.13552319711111593;0.029075818301086343;0.5315736884496043;0.7742915697434561;0.39783905998929525;0.08517032291440121;0.7523734984312471;0.717749880603403;0.5765989410469603;0.43690416033270135;0.3745096428013656;0.5312372315353249;1.0;0.9999999999999998;0.9999999999999998;0.7404771743423468;0.7116237765515516;0.7480412734061763;0.7355224722763894;0.7355224722763894;0.7355224722763894;0.7820010794936588;0.7762364642839309;0.7697688720759714;0.7576406079144782;0.8203792363084701;0.781997260156987;0.8119431603177081;0.8009612249352747;0.8189753862045168;0.8188925101940264;0.8145597012739109;0.8115335416964048;0.81263743317546;0.8123916742761386
Zr;0.3566560259488541;0.24377511675493593;0.266674012212268;0.2949291299332389;0.2938471996163068;0.2948533268549028;0.2948533268549028;0.13552319711111593;0.029075818301086343;0.5315736884496043;0.7742915697434561;0.39783905998929525;0.08517032291440121;0.7523734984312471;0.7177498806034027;0.5765989410469603;0.4369041603327013;0.3745096428013656;0.5312372315353249;0.9999999999999998;1.0;0.9999999999999999;0.7404771743423468;0.7116237765515514;0.7480412734061763;0.7355224722763894;0.7355224722763894;0.7355224722763894;0.7820010794936587;0.7762364642839309;0.7697688720759716;0.7576406079144784;0.8203792363084699;0.781997260156987;0.8119431603177081;0.8009612249352747;0.8189753862045167;0.8188925101940264;0.8145597012739109;0.8115335416964048;0.81263743317546;0.8123916742761386
Hf;0.3566560259488541;0.24377511675493593;0.266674012212268;0.2949291299332389;0.2938471996163068;0.2948533268549028;0.2948533268549028;0.13552319711111593;0.029075818301086343;0.5315736884496043;0.7742915697434561;0.39783905998929525;0.08517032291440121;0.7523734984312471;0.7177498806034027;0.5765989410469603;0.4369041603327013;0.3745096428013656;0.5312372315353249;0.9999999999999998;0.9999999999999999;1.0;0.7404771743423468;0.7116237765515514;0.7480412734061763;0.7355224722763894;0.7355224722763894;0.7355224722763894;0.7820010794936587;0.7762364642839309;0.7697688720759716;0.7576406079144784;0.8203792363084699;0.781997260156987;0.8119431603177081;0.8009612249352747;0.8189753862045167;0.8188925101940264;0.8145597012739109;0.8115335416964048;0.81263743317546;0.8123916742761386
As;0.17361472422330312;0.3088133915095146;0.1233868621089168;0.1631917877997034;0.11423124857888821;0.12954603043284693;0.12954603043284693;0.3200221193306037;0.0512369587448027;0.7869290645991792;0.8102163671648297;0.7115332409834932;0.358935728971551;0.7923642164011105;0.7589586238948256;0.6037460597552649;0.45054947573512416;0.39709746270726587;0.7969854639690733;0.7404771743423468;0.7404771743423468;0.7404771743423468;1.0;0.94536248770221;0.9733767824659861;0.9456511527137716;0.9456511527137716;0.9456511527137716;0.943283206135706;0.9382446390680074;0.9241264120385491;0.9070077517324582;0.8706229928123169;0.9476576287875766;0.9446213195400145;0.9461389630424999;0.8962724316409365;0.8952589735632341;0.8588154440836437;0.8573041959956451;0.8583225066601236;0.8590582726551453
Ag;0.17609322113009235;0.17945403852258132;0.147512997804682;0.11280237308600927;0.08898115892533867;0.09650895717437781;0.09650895717437781;0.23587978234606374;0.014046337211816967;0.6145914177973988;0.6956328561065812;0.548105624540376;0.1834924504052789;0.7656746082105423;0.7409295861653351;0.5914604144217219;0.44961472690327137;0.3991704208776903;0.8293744280833619;0.7116237765515516;0.7116237765515515;0.7116237765515515;0.94536248770221;1.0;0.9694789879103086;0.9726441618920904;0.9726441618920904;0.9726441618920904;0.9209917435466337;0.9137457643813162;0.9120681507825806;0.9001080025595736;0.8306927204437758;0.9639671535949156;0.9243471217812678;0.9318526890532126;0.8718514691362678;0.8705196303105621;0.8220970782494966;0.8200176168135893;0.8173711113729983;0.8240537075079483
In;0.20315838465894895;0.20045952915182272;0.15692227482734852;0.1227586337044149;0.0948194623900151;0.10362671197336529;0.10362671197336529;0.2501861108096679;0.03116250807742537;0.7122902078793467;0.7427981526104122;0.565527984151148;0.2126823121318338;0.8224076104861782;0.7835556000640779;0.6451365829538624;0.49704552933222007;0.44458599317548575;0.7930100834002621;0.7480412734061764;0.7480412734061764;0.7480412734061764;0.9733767824659862;0.9694789879103086;1.0;0.9919641838503462;0.9919641838503462;0.9919641838503462;0.9198202293982299;0.9102410716317179;0.9093410424070675;0.8977277366184676;0.8814350583369355;0.9759578846567799;0.9487519329899635;0.9522284395221752;0.8980309166237532;0.8967239180290311;0.8499769178071427;0.8532620155479156;0.8520262057106422;0.8554784544899909
Zn;0.21175205195114877;0.1608790059974082;0.17775359330604948;0.11287201695343065;0.0938900320293647;0.09994125522163444;0.09994125522163444;0.2063166723242945;0.006383580167339103;0.620156423748203;0.70215991250451;0.5013168000234883;0.15231042445926785;0.8077645897691826;0.7765307987925697;0.6426639279887313;0.5029692974039248;0.4524988098214076;0.8082004229632082;0.7355224722763894;0.7355224722763894;0.7355224722763894;0.9456511527137716;0.9726441618920904;0.9919641838503463;1.0;1.0;1.0;0.8990819054201583;0.8882685244502274;0.8898354381264403;0.8794568029420661;0.8546408338129671;0.975769593635142;0.9307483634592958;0.9349559692360085;0.8833901662726376;0.881945720670863;0.8260451632479673;0.8302837252879693;0.8261987403907243;0.8329864625258987
Ge;0.21175205195114877;0.1608790059974082;0.17775359330604948;0.11287201695343065;0.0938900320293647;0.09994125522163444;0.09994125522163444;0.2063166723242945;0.006383580167339103;0.620156423748203;0.70215991250451;0.5013168000234883;0.15231042445926785;0.8077645897691826;0.7765307987925697;0.6426639279887313;0.5029692974039248;0.4524988098214077;0.8082004229632082;0.7355224722763894;0.7355224722763894;0.7355224722763894;0.9456511527137716;0.9726441618920904;0.9919641838503463;1.0;1.0;1.0;0.8990819054201583;0.8882685244502274;0.8898354381264403;0.8794568029420661;0.8546408338129671;0.975769593635142;0.9307483634592958;0.9349559692360085;0.8833901662726376;0.881945720670863;0.8260451632479673;0.8302837252879693;0.8261987403907243;0.8329864625258987
Cd;0.21175205195114877;0.1608790059974082;0.17775359330604948;0.11287201695343065;0.0938900320293647;0.09994125522163444;0.09994125522163444;0.2063166723242945;0.006383580167339103;0.620156423748203;0.70215991250451;0.5013168000234883;0.15231042445926785;0.8077645897691826;0.7765307987925697;0.6426639279887313;0.5029692974039248;0.4524988098214077;0.8082004229632082;0.7355224722763894;0.7355224722763894;0.7355224722763894;0.9456511527137716;0.9726441618920904;0.9919641838503463;1.0;1.0;1.0;0.8990819054201583;0.8882685244502274;0.8898354381264403;0.8794568029420661;0.8546408338129671;0.975769593635142;0.9307483634592958;0.9349559692360085;0.8833901662726376;0.881945720670863;0.8260451632479673;0.8302837252879693;0.8261987403907243;0.8329864625258987
Te;0.12226904672863337;0.16335292349915503;0.08200304464100625;0.09071097437661706;0.06603104607822581;0.0737702560832467;0.0737702560832467;0.2768021216350772;0.011742659921831206;0.6661496304683057;0.7189643971578912;0.6074003610505528;0.18317183057978503;0.7752593359050653;0.7332054059720096;0.5369873831586438;0.36117078270301756;0.30059430384641256;0.7112290472693364;0.7820010794936589;0.7820010794936587;0.7820010794936587;0.9432832061357062;0.9209917435466336;0.9198202293982299;0.8990819054201582;0.8990819054201582;0.8990819054201582;1.0;0.999544701828073;0.9790130793630129;0.9586329200492992;0.9125055473380856;0.9482721196539435;0.9743540238408676;0.9610747432143352;0.9556584441403188;0.9552941432987458;0.9374309157753589;0.933466476009913;0.9355528872019904;0.9403405188857246
Cu;0.11776801250921382;0.16703497247531573;0.08170583826227429;0.09306301704214855;0.06788590248055612;0.07578222417436624;0.07578222417436624;0.28410518631177045;0.011725842151623141;0.663159139050621;0.714915788476937;0.61417503539811;0.1870009918126671;0.7632551618780598;0.7216498063294455;0.5235840752568497;0.34779381918216284;0.2873172249425839;0.7061342067268768;0.776236464283931;0.776236464283931;0.776236464283931;0.9382446390680075;0.9137457643813162;0.9102410716317179;0.8882685244502274;0.8882685244502274;0.8882685244502274;0.9995447018280729;1.0;0.9780353470034902;0.9570902626770539;0.904281716280761;0.9386903814852678;0.9676332448298872;0.9534706606192638;0.9499320912858769;0.9496055571541713;0.9327107500193176;0.9281607811972837;0.9304336232576339;0.935351642692
Re;0.10502299460253123;0.12192947119662344;0.05047456197532122;0.06707728606734571;0.04854658541368219;0.05435513533082684;0.05435513533082684;0.22722951861920543;0.008844906622433011;0.6569296961117606;0.6750321720776767;0.5501221080814935;0.1372592352389067;0.7613432258814602;0.7044493058114909;0.5143546135694053;0.33498752067706716;0.2739670215174034;0.6511342252812995;0.7697688720759714;0.7697688720759717;0.7697688720759717;0.9241264120385491;0.9120681507825806;0.9093410424070675;0.8898354381264403;0.8898354381264403;0.8898354381264403;0.9790130793630129;0.97803534700349;1.0;0.9964716696756836;0.9110796099910196;0.9302389163576332;0.9607502948342934;0.9458071964353229;0.929350066697601;0.9288941172234768;0.9243208886655809;0.9272549952329799;0.9244603475358985;0.9335061225501666
Mo;0.09859169717212181;0.1022587694406149;0.03727451855186555;0.05578398801304143;0.040158795897892764;0.04505481972953768;0.04505481972953768;0.20151662392624187;0.007575438729652232;0.6462934373403325;0.6506207959127691;0.5175242112639725;0.1155320364979136;0.7511535829898606;0.6888075156605;0.5042743940279547;0.3256862919530561;0.2652017662324001;0.6209317939055922;0.7576406079144782;0.7576406079144783;0.7576406079144783;0.9070077517324582;0.9001080025595735;0.8977277366184676;0.8794568029420662;0.8794568029420662;0.8794568029420662;0.9586329200492992;0.9570902626770539;0.9964716696756836;1.0;0.9025444286241489;0.9153263990680469;0.9460918489898329;0.9310193546141836;0.9095640724853552;0.9090616540830592;0.9095063979795571;0.9154177295016105;0.9106171904106305;0.921213122137475
Y;0.1726594866040699;0.07199614634341565;0.021432210077340162;0.04043764206239101;0.029655116645287624;0.033038183582992715;0.033038183582992715;0.18456765607480485;0.06701441543338048;0.7000891623079576;0.7082861375844258;0.448934600015237;0.08024060042362925;0.903811798922702;0.829164345663269;0.6810709114462866;0.5051474468882106;0.44452252401743564;0.5754491720699744;0.8203792363084701;0.8203792363084699;0.8203792363084699;0.8706229928123169;0.8306927204437758;0.8814350583369355;0.8546408338129672;0.8546408338129672;0.8546408338129672;0.9125055473380858;0.904281716280761;0.9110796099910197;0.9025444286241489;1.0;0.9243906007696696;0.9606518001297786;0.9494309285568909;0.9420110732236456;0.9418592175262123;0.9487849721491175;0.9480616535159595;0.9522331734859835;0.9595166614217153
Pb;0.17226479519811358;0.1273815758220552;0.10306447841992704;0.0716477996980577;0.05283593796704657;0.05874076218026787;0.05874076218026787;0.19760501069671652;0.00511417334862159;0.630505975694536;0.7224388741166179;0.5135558763210741;0.14028377779555073;0.8498484634309349;0.8122727941803823;0.6540059634433665;0.4960010201479776;0.4401090216373984;0.7720295365471783;0.781997260156987;0.781997260156987;0.781997260156987;0.9476576287875766;0.9639671535949156;0.9759578846567798;0.975769593635142;0.975769593635142;0.975769593635142;0.9482721196539435;0.9386903814852677;0.9302389163576333;0.9153263990680468;0.9243906007696696;1.0;0.9789904936038706;0.9781161656100277;0.9474156959243039;0.9465007660317697;0.9076133322627373;0.9086738340756182;0.9071184070709792;0.9129123316479769
Bi;0.1391526904747437;0.12391784076184689;0.060969315566827074;0.06303894674379881;0.042971105259876095;0.04923947191758187;0.04923947191758187;0.20954040004283866;0.017124514184345425;0.6933407237211111;0.7232034005133521;0.5354929809795168;0.14609912454310478;0.8379136042975637;0.7879326752473131;0.6024931622731428;0.4240881090189744;0.3624865753867952;0.6805532691710984;0.8119431603177081;0.8119431603177081;0.8119431603177081;0.9446213195400145;0.9243471217812678;0.9487519329899635;0.9307483634592958;0.9307483634592958;0.9307483634592958;0.9743540238408676;0.9676332448298872;0.9607502948342934;0.9460918489898329;0.9606518001297787;0.9789904936038706;1.0;0.9906550338944724;0.9785815852611809;0.9781423078598435;0.9653457470102469;0.9665218870411021;0.9687701874114034;0.9701590576122725
Sb;0.15021507907635687;0.13692512662431952;0.0799451568983519;0.07507666271805061;0.054320535841020326;0.06082652901595633;0.06082652901595633;0.20905466751200175;0.019710685576594087;0.6984890241259207;0.7245285901541221;0.5334729663407805;0.1537283463979319;0.838489937314078;0.7931409312443901;0.6133013716066542;0.44000670205363707;0.37999674471383826;0.7122970823039712;0.8009612249352747;0.8009612249352747;0.8009612249352747;0.9461389630424998;0.9318526890532125;0.9522284395221752;0.9349559692360085;0.9349559692360085;0.9349559692360085;0.9610747432143353;0.9534706606192638;0.9458071964353229;0.9310193546141836;0.9494309285568909;0.9781161656100278;0.9906550338944725;1.0;0.9657152218659426;0.9651738738366721;0.9486507974007452;0.9479182581089325;0.9508317871536208;0.951611572707826
Ga;0.1143447944606106;0.09994614158495796;0.06075765231521369;0.056224367120215474;0.04161229426265252;0.046200164899325484;0.046200164899325484;0.1840809995425011;0.03660373611814118;0.6285715201932318;0.6903508793966131;0.4909240323518157;0.10911680005476927;0.803784413265777;0.7680125445017242;0.5597716073453244;0.3799488608666072;0.3172062560619969;0.648168531687437;0.8189753862045168;0.8189753862045167;0.8189753862045167;0.8962724316409366;0.8718514691362679;0.8980309166237532;0.8833901662726376;0.8833901662726376;0.8833901662726376;0.9556584441403189;0.9499320912858769;0.929350066697601;0.9095640724853552;0.9420110732236457;0.9474156959243039;0.9785815852611808;0.9657152218659426;1.0;0.9999952773518317;0.9799865042991878;0.969651267415178;0.9724648526436362;0.9747690034382324
Al;0.1136180181953777;0.09946964235565572;0.059943646463136574;0.055809611780021647;0.04123743989297882;0.04581218378319627;0.04581218378319627;0.183793538119718;0.03677375442620267;0.6281430539091839;0.6897422479207039;0.49047813702362053;0.10874957792853873;0.8031398421582185;0.7673657373525762;0.5587972874584051;0.3788497459372793;0.316074938021105;0.6466203159555622;0.8188925101940263;0.8188925101940263;0.8188925101940263;0.895258973563234;0.8705196303105622;0.8967239180290312;0.8819457206708631;0.8819457206708631;0.8819457206708631;0.9552941432987458;0.9496055571541712;0.9288941172234768;0.9090616540830593;0.9418592175262123;0.9465007660317696;0.9781423078598434;0.9651738738366721;0.9999952773518318;1.0;0.9802419999399815;0.9698191409071785;0.9726758018601671;0.9749487765993027
Si;0.09298173116385189;0.0698198795885606;0.014207959679020088;0.039120535337296064;0.02904765395799173;0.032211147824644876;0.032211147824644876;0.1754576695116958;0.06289476890435275;0.6393957506010799;0.6555947464638646;0.4571228864147846;0.075316029970459;0.7876523207199226;0.7453294188255759;0.5263624101102616;0.3384677493681096;0.27398411795326855;0.5462386166043462;0.8145597012739108;0.8145597012739108;0.8145597012739108;0.8588154440836439;0.8220970782494966;0.8499769178071427;0.8260451632479673;0.8260451632479673;0.8260451632479673;0.9374309157753589;0.9327107500193176;0.9243208886655809;0.9095063979795571;0.9487849721491174;0.9076133322627374;0.9653457470102469;0.9486507974007452;0.9799865042991877;0.9802419999399816;1.0;0.9873281216404011;0.9904549243658437;0.9925195282810586
Hg;0.09171419032376565;0.049621078794186736;0.007594101616370631;0.02160689691020056;0.012575853847049775;0.015381280709598892;0.015381280709598892;0.14439132625078932;0.004178898871074636;0.6391499308420568;0.640657875817012;0.4463918629080117;0.06395547431872224;0.7759660795146323;0.7176856890823238;0.5069944175081929;0.31585047218540396;0.2506476054789473;0.5182919690815841;0.8115335416964047;0.8115335416964047;0.8115335416964047;0.8573041959956451;0.8200176168135893;0.8532620155479156;0.8302837252879692;0.8302837252879692;0.8302837252879692;0.933466476009913;0.9281607811972837;0.9272549952329798;0.9154177295016105;0.9480616535159596;0.9086738340756182;0.966521887041102;0.9479182581089326;0.9696512674151782;0.9698191409071785;0.987328121640401;1.0;0.9913443749324033;0.9919643850976835
W;0.09364053038350356;0.06058968141921092;0.004721482194104861;0.02764309699691125;0.017076871085723394;0.02036460765547125;0.02036460765547125;0.15813823306062927;0.007695200421848817;0.6533865152235255;0.6496897412463589;0.4568494087608555;0.07545380628346858;0.7820342464335228;0.726304661554904;0.5138631474311698;0.32256714716500173;0.257386115805502;0.5230905447720386;0.8126374331754599;0.8126374331754599;0.8126374331754599;0.8583225066601236;0.8173711113729983;0.8520262057106421;0.8261987403907242;0.8261987403907242;0.8261987403907242;0.9355528872019903;0.9304336232576338;0.9244603475358983;0.9106171904106305;0.9522331734859834;0.9071184070709792;0.9687701874114035;0.9508317871536207;0.9724648526436362;0.9726758018601671;0.9904549243658438;0.9913443749324033;1.0;0.9940650488082032
Mg;0.08994517740892596;0.054046891243795615;0.020160661843452603;0.02532253840607973;0.016063662400822253;0.018947130660916543;0.018947130660916543;0.15731738853770275;0.02983281435857531;0.635713845471154;0.6449888279976865;0.45089738613575775;0.06640953598718437;0.7868874094162602;0.7267439612809673;0.5156873049024252;0.32279358117650825;0.25729471854991404;0.5356044823190055;0.8123916742761387;0.8123916742761387;0.8123916742761387;0.8590582726551453;0.8240537075079482;0.8554784544899908;0.8329864625258987;0.8329864625258987;0.8329864625258987;0.9403405188857245;0.9353516426920001;0.9335061225501665;0.921213122137475;0.9595166614217152;0.9129123316479769;0.9701590576122725;0.951611572707826;0.9747690034382324;0.9749487765993026;0.9925195282810586;0.9919643850976835;0.9940650488082031;1.0
