Creep strength Temp Â©;Creep strength Stress (Mpa);Creep strength 1 Time for 1% creep (hours);Creep strength 1 Rupture life (hours);Creep strength 1 Elongation / rupture strain (%);LMP;Normalized Composition;DeltaH_mix;1-mr
760;750.0;120.0;1048.5;;23.78024719;Al0.12396Co0.04662Cr0.09190Mo0.00373Ni0.67774Ta0.01914Ti0.01123W0.02567;0.040701;0
760;750.0;330.0;1189.0;8.9;23.83666286;Al0.13551Cr0.09222Mo0.01249Ni0.71382Ta0.01987W0.02608;0.21619;0
760;750.0;234.0;1190.0;14.9;23.83704001;Al0.13553Co0.05086Cr0.09224Mo0.01250Ni0.66290Ta0.01988W0.02609;0.17048;0
760;750.0;1.0;778.0;18.7;23.64638192;Al0.13555Co0.07630Cr0.09225Mo0.01250Ni0.63743Ta0.01988W0.02609;0.17663;0
760;840.0;9.0;124.4;18.6;22.82394945;Al0.11620Co0.06650Cr0.09045Mo0.01257Ni0.65541Ta0.02632Ti0.01386W0.01869;-0.036298;0
760;840.0;30.0;164.9;11.8;22.95038894;Al0.11620Co0.06650Cr0.09045Mo0.01257Ni0.65541Ta0.02632Ti0.01386W0.01869;-0.036298;0
760;840.0;14.9;83.2;15.9;22.6434874;Al0.11620Co0.06650Cr0.09045Mo0.01257Ni0.65541Ta0.02632Ti0.01386W0.01869;-0.036298;0
760;840.0;790.0;2029.0;12.3;24.07642235;Al0.13332Cr0.04771Hf0.00035Mo0.02586Ni0.71858Re0.00999Ru0.02455Si0.00221Ta0.02057W0.01687;0.086435;0.00221000000000005
760;840.0;0.89;42.0;33.0;22.33681652;Al0.13576Cr0.04697Hf0.00034Mo0.00636Ni0.73126Re0.01311Ru0.02416Si0.00217Ta0.01687Ti0.00638W0.01660;-0.0007656;0.00217000000000001
760;840.0;1.25;143.0;26.9;22.88646213;Al0.13576Cr0.04697Hf0.00034Mo0.00636Ni0.73126Re0.01311Ru0.02416Si0.00217Ta0.01687Ti0.00638W0.01660;-0.0007656;0.00217000000000001
760;840.0;1.74;250.0;21.2;23.13707203;Al0.13576Cr0.04697Hf0.00034Mo0.00636Ni0.73126Re0.01311Ru0.02416Si0.00217Ta0.01687Ti0.00638W0.01660;-0.0007656;0.00217000000000001
760;840.0;1.3;202.0;23.5;23.04142796;Al0.13484Co0.01869Cr0.02421Mo0.00262Nb0.00054Ni0.74695Re0.02197Ta0.02852Ti0.00316W0.01849;0.023441;0
760;840.0;0.56;70.0;20.2;22.56598628;Al0.13794B0.00023C0.00258Co0.13157Cr0.05368Hf0.00052Mo0.00711Ni0.60343Re0.01782Ta0.02571W0.01940;0.16396;0.00280999999999998
925;207.0;289.0;1039.0;;27.57390543;Al0.12800B0.00016C0.00025Cr0.10466Mo0.00563Ni0.69713Ta0.00912Ti0.02046W0.03460;0.14608;0.000410000000000021
850;500.0;;356.0;;25.32527835;Al0.11260Co0.05150Cr0.11680Ni0.64660Ta0.04030Ti0.01900W0.01320;-0.163;0
850;500.0;;497.0;;25.48800822;Al0.11260Co0.05150Cr0.11680Ni0.64670Re0.01310Ta0.04030Ti0.01900;-0.21898;0
850;500.0;;382.0;;25.35965716;Al0.12210Co0.05080Cr0.09220Mo0.00310Ni0.67330Ta0.01990Ti0.01250W0.02610;0.024549;0
850;500.0;;498.0;;25.48898855;Al0.12210Co0.05080Cr0.09220Mo0.00310Ni0.67350Re0.01290Ta0.01990Ti0.01250W0.01300;-0.037298;0
816;276.0;;1604.0;7.1;25.27046755;Al0.12022B0.00046C0.00275Cr0.13027Fe0.00197Mo0.02556Nb0.01260Ni0.69693Si0.00098Ti0.00827;0.18479;0.00419000000000003
816;276.0;;2505.0;3.6;25.48130162;Al0.12022B0.00046C0.00275Cr0.13027Fe0.00197Mo0.02556Nb0.01260Ni0.69693Si0.00098Ti0.00827;0.18479;0.00419000000000003
816;276.0;;1862.7;16.0;25.34118563;Al0.12026B0.00046C0.00137Cr0.13243Fe0.00148Mo0.02528Nb0.01243Ni0.69744Si0.00196Ti0.00689;0.17994;0.00378999999999996
816;276.0;;3648.6;12.0;25.65915549;Al0.12026B0.00046C0.00137Cr0.13243Fe0.00148Mo0.02528Nb0.01243Ni0.69744Si0.00196Ti0.00689;0.17994;0.00378999999999996
816;276.0;;2182.7;8.0;25.41616452;Al0.12420B0.00045C0.00500Cr0.13888Fe0.00098Mo0.02537Nb0.01228Ni0.68305Si0.00078Ti0.00901;0.23737;0.00622999999999996
816;276.0;;1554.0;3.6;25.25549015;Al0.12420B0.00045C0.00500Cr0.13888Fe0.00098Mo0.02537Nb0.01228Ni0.68305Si0.00078Ti0.00901;0.23737;0.00622999999999996
816;330.0;;500.0;;24.71917833;Al0.03948B0.00050C0.00704Co0.18082Cr0.24271Nb0.00605Ni0.46895Ta0.00436Ti0.04334W0.00615Zr0.00060;-0.37839;0.00753999999999999
870;300.0;;40.0;;24.69115457;Al0.03982B0.00052C0.00706Co0.18231Cr0.24361Nb0.00609Ni0.46573Ta0.00438Ti0.04371W0.00615Zr0.00062;-0.38153;0.00758000000000003
870;300.0;;45.0;;24.7496219;Al0.03982B0.00052C0.00706Co0.18231Cr0.24361Nb0.00609Ni0.46573Ta0.00438Ti0.04371W0.00615Zr0.00062;-0.38153;0.00758000000000003
870;300.0;;55.0;;24.84923455;Al0.03982B0.00052C0.00706Co0.18231Cr0.24361Nb0.00609Ni0.46573Ta0.00438Ti0.04371W0.00615Zr0.00062;-0.38153;0.00758000000000003
870;300.0;;170.0;;25.40940312;Al0.03982B0.00052C0.00706Co0.18231Cr0.24361Nb0.00609Ni0.46573Ta0.00438Ti0.04371W0.00615Zr0.00062;-0.38153;0.00758000000000003
1050;150.0;139.0;217.0;7.6;29.55113623;Al0.11620Co0.06650Cr0.09045Mo0.01257Ni0.65541Ta0.02632Ti0.01386W0.01869;-0.036298;0
1050;150.0;435.0;598.0;7.7;30.13357567;Al0.11219Co0.05136Cr0.09315Mo0.01262Ni0.66530Ta0.02007Ti0.01897W0.02634;-0.028203;0
1050;150.0;201.0;486.0;41.0;30.01441978;Al0.13562Cr0.04692Hf0.00034Mo0.00636Ni0.73154Re0.01310Ru0.02414Si0.00217Ta0.01685Ti0.00637W0.01659;-0.00060466;0.00217000000000001
1050;160.0;50.0;165.0;24.0;29.39373126;Al0.12865Co0.09610Cr0.07261Hf0.00034Mo0.00381Ni0.63187Re0.00916Ta0.02288Ti0.01272W0.02186;-0.027783;0
750;800.0;3.5;145.0;17.5;22.67107947;Al0.12000C0.00074Co0.05000Cr0.09620Ni0.66656Ta0.00910Ti0.02700W0.03040;-0.015662;0.000739999999999963
750;800.0;1.8;137.0;19.7;22.64586514;Al0.12000C0.00074Co0.05000Cr0.09620Ni0.66656Ta0.00910Ti0.02700W0.03040;-0.015662;0.000739999999999963
750;800.0;1.5;105.0;17.5;22.52767665;Al0.12000C0.00074Co0.05000Cr0.09620Ni0.66656Ta0.00910Ti0.02700W0.03040;-0.015662;0.000739999999999963
750;800.0;;313.0;9.6;23.01294186;Al0.12000C0.00074Co0.05000Cr0.09620Ni0.66656Ta0.00910Ti0.02700W0.03040;-0.015662;0.000739999999999963
750;750.0;11.0;;;#NOMBRE!;Al0.12320Co0.11490Cr0.07103Hf0.00041Ni0.61335Re0.01587Ta0.02313Ti0.01800W0.02009;-0.091949;0
750;750.0;;;;#NOMBRE!;Al0.12485Co0.11644Cr0.07198Hf0.00042Ni0.58967Re0.01608Ru0.01852Ta0.02344Ti0.01825W0.02036;-0.24272;0
760;800.0;15.0;426.0;10.3;23.37618012;Al0.13239Co0.08082Cr0.06870Ni0.67455Re0.01439W0.02915;0.31868;0
760;800.0;11.0;121.1;12.0;22.8118879;Al0.12838Co0.07837Cr0.06662Ni0.69837W0.02826;0.27594;0
760;810.0;14.5;241.0;10.5;23.1206236;Al0.14102Co0.09716Cr0.04902Mo0.01361Ni0.63684Re0.00704Ta0.02446W0.03084;0.14785;0
950;290.0;;;;#NOMBRE!;Al0.13872Co0.02495Cr0.07984Ni0.66866Re0.01497Ru0.03493Ta0.02794W0.00998;-0.042035;0
950;290.0;;;;#NOMBRE!;Al0.13800Co0.10500Cr0.08000Ni0.59000Re0.01500Ru0.03500Ta0.02700W0.01000;-0.033989;0
950;290.0;;;;#NOMBRE!;Al0.13700Co0.02500Cr0.08000Ni0.65500Re0.02500Ru0.03500Ta0.02800W0.01500;-0.023853;0
950;290.0;;;;#NOMBRE!;Al0.13700Co0.10500Cr0.08000Ni0.57500Re0.02500Ru0.03500Ta0.02800W0.01500;-0.021861;0
1010;235.0;;21.0;19.0;27.35640736;Al0.12312Co0.08208Cr0.11411Mo0.02503Ni0.61361Ta0.01602W0.02603;0.21711;0
760;810.0;;243.0;10.0;23.12433128;Al0.13807Co0.09482Cr0.04777Mo0.01294Ni0.64531Re0.00667Ta0.02402W0.03040;0.14386;0
1100;137.0;258.0;335.0;5.3;30.92688652;Al0.13210Co0.03183Cr0.02405Hf0.00011Mo0.00261Nb0.00067Ni0.74121Re0.02015Ta0.02765Ti0.00261W0.01701;0.013702;0
1100;137.0;343.0;412.0;7.0;31.05025388;Al0.13639Co0.06245Cr0.03479Hf0.00035Mo0.01885Ni0.67909Re0.01641Ru0.01234Ta0.01930W0.02002;0.04353;0
1100;137.0;310.0;440.0;;31.08946052;Al0.13585Co0.06220Cr0.03525Hf0.00035Ir0.00986Mo0.01910Ni0.68160Re0.01663Ta0.01921W0.01994;0.0048948;0
1100;137.0;292.0;405.0;11.9;31.04003575;Al0.13171Co0.06030Cr0.03417Hf0.00036Mo0.01852Nb0.00683Ni0.66172Re0.01602Ru0.03139Ta0.01964W0.01933;-0.10965;0
1100;137.0;457.0;540.0;7.8;31.21157663;Al0.13342Co0.06109Cr0.03462Hf0.00036Mo0.01876Ni0.65608Re0.01623Ru0.03180Ta0.02807W0.01958;-0.068142;0
1100;137.0;698.0;965.0;11.7;31.557756;Al0.13335Co0.06105Cr0.03460Hf0.00036Mo0.01875Ni0.65683Re0.02381Ru0.03179Ta0.01988W0.01957;0.0040171;0
1100;137.0;833.0;1254.0;11.5;31.71396252;Al0.13716Co0.06280Cr0.03559Hf0.00036Mo0.02594Ni0.64361Re0.01679Ru0.03788Ta0.01975W0.02013;0.0012799;0
760;600.0;;126.0;13.7;22.82968277;Al0.05408B0.00104C0.00327Co0.14095Cr0.19321Mo0.01755Nb0.00006Ni0.52775Ti0.05745W0.00458Zr0.00006;-0.33479;0.00431000000000004
760;600.0;;123.0;13.0;22.81887198;Al0.05371B0.00103C0.00325Co0.14186Cr0.19508Mo0.02265Nb0.00006Ni0.52408Ti0.05822Zr0.00006;-0.35993;0.00427999999999995
760;641.2;;120.0;7.0;22.80779423;Al0.12267B0.00079C0.00472Co0.09675Cr0.09145Mo0.03497Nb0.00012Ni0.62403Ta0.01240Ti0.01148Zr0.00062;0.14562;0.00551000000000001
760;641.2;;40.5;11.4;22.32050104;Al0.12178B0.00077C0.00464Co0.09734Cr0.08676Mo0.04760Nb0.00018Ni0.62869Ti0.01164Zr0.00061;0.2485;0.00541000000000003
760;600.0;;100.8;6.6;22.72957473;Al0.07001B0.00058C0.00756Co0.08105Cr0.17543Mo0.01029Nb0.00525Ni0.59361Ta0.00536Ti0.04219W0.00805Zr0.00062;-0.16757;0.00814000000000004
760;600.0;;42.0;14.9;22.33681652;Al0.07061B0.00057C0.00793Co0.08272Cr0.17458Mo0.01810Nb0.00603Ni0.59495Ta0.00526Ti0.03863Zr0.00061;-0.16393;0.00849999999999995
760;600.0;;70.0;7.6;22.56598628;Al0.07302B0.00057C0.00841Co0.08096Cr0.17488Mo0.01550Nb0.00568Ni0.59243Ti0.04022W0.00772Zr0.00062;-0.079984;0.00897999999999999
760;600.0;;72.0;6.4;22.57862447;Al0.07121B0.00058C0.00802Co0.08242Cr0.17342Mo0.01530Nb0.00012Ni0.59570Ta0.00526Ti0.03955W0.00780Zr0.00062;-0.042289;0.00860000000000005
1050;160.0;40.0;191.0;20.0;29.47780714;Al0.12600Co0.10000Cr0.07500Hf0.00030Mo0.00400Ni0.62870Re0.01000Ta0.02200Ti0.01300W0.02100;-0.028229;0
1050;160.0;4.2;315.0;12.0;29.76526486;Al0.11300Co0.03100Cr0.07600Mo0.02600Ni0.68900Ti0.04000W0.02500;-0.015512;0
1050;160.0;25.0;111.0;16.0;29.1659623;Al0.11300Co0.03100Cr0.07600Mo0.01300Ni0.70200Ti0.04000W0.02500;-0.039685;0
1050;160.0;7.8;101.0;18.0;29.11171718;Al0.11300Co0.03100Cr0.07600Mo0.02600Ni0.70100Ti0.04000W0.01300;-0.051774;0
1050;160.0;23.0;130.0;24.5;29.25674706;Al0.12600Co0.10000Cr0.07500Hf0.00030Mo0.00400Ni0.62870Re0.01000Ta0.02200Ti0.01300W0.02100;-0.028229;0
1050;160.0;4.0;27.0;23.0;28.35369426;Al0.11300Co0.03100Cr0.07600Mo0.02600Ni0.68900Ti0.04000W0.02500;-0.015512;0
1050;160.0;4.0;26.0;24.0;28.33200974;Al0.11300Co0.03100Cr0.07600Mo0.01300Ni0.70200Ti0.04000W0.02500;-0.039685;0
1050;160.0;4.0;21.0;23.5;28.20929613;Al0.11300Co0.03100Cr0.07600Mo0.02600Ni0.70100Ti0.04000W0.01300;-0.051774;0
950;300.0;;298.0;;27.48596649;Al0.13424Cr0.08127Hf0.00034Ni0.71792Re0.00973Ru0.01792Si0.00215Ta0.02002W0.01642;0.097676;0.00214999999999999
950;300.0;;266.0;;27.42563024;Al0.13332Cr0.04771Hf0.00035Mo0.02586Ni0.71858Re0.00999Ru0.02455Si0.00221Ta0.02057W0.01687;0.086435;0.00221000000000005
950;300.0;;404.0;;27.64760441;Al0.13659Cr0.05907Hf0.00034Ni0.71479Re0.01319Ru0.03039Si0.00219Ta0.01697Ti0.00642W0.02005;0.0066479;0.00219000000000003
950;300.0;;456.0;13.0;27.711914;Al0.12308Cr0.04820Hf0.00035Mo0.00653Ni0.72917Re0.01683Ru0.01860Si0.00223Ta0.02147Ti0.01309W0.02045;-0.07978;0.00222999999999995
950;300.0;;690.0;40.0;27.93191244;Al0.13484Co0.01869Cr0.02421Mo0.00262Nb0.00054Ni0.74695Re0.02197Ta0.02852Ti0.00316W0.01849;0.023441;0
950;300.0;;531.0;;27.7927906;Al0.13794B0.00023C0.00258Co0.13157Cr0.05368Hf0.00052Mo0.00711Ni0.60343Re0.01782Ta0.02571W0.01940;0.16396;0.00280999999999998
950;300.0;;370.0;11.0;27.60091071;Al0.13692B0.00023C0.00256Co0.13217Cr0.05921Hf0.00052Mo0.00995Ni0.58797Re0.01488Ru0.00975Ta0.02178Ti0.00515W0.01892;0.038322;0.00278999999999996
649;350.0;;100.0;;20.284;Al0.00438C0.00983Cr0.24527Fe0.02114Mn0.00064Mo0.05353Nb0.02478Ni0.63374Si0.00420Ti0.00247;-0.066969;0.01403
649;585.0;;100.0;;20.284;Al0.01283B0.00032C0.00240Cr0.21088Fe0.19117Mn0.00210Mo0.01804Nb0.03230Ni0.51620Si0.00411Ti0.00964;-0.32243;0.00683
649;766.0;;100.0;;20.284;Al0.04013B0.00047C0.00712Co0.18373Cr0.24113Nb0.00613Ni0.46606Ta0.00441Ti0.04405W0.00620Zr0.00056;-0.37885;0.00758999999999999
649;725.0;;100.0;;20.284;Al0.14003C0.00649Cr0.06574Mo0.01250Ni0.72547Ta0.00994W0.03588Zr0.00394;0.26213;0.00649
649;540.0;;100.0;;20.284;C0.00203Cr0.23500Mn0.00334Mo0.03820Nb0.03946Ni0.66620Si0.00544Ta0.00203W0.00831;-0.29815;0.00746999999999998
649;285.0;;100.0;;20.284;Al0.02663C0.00322Cr0.21257Fe0.04948Mn0.00402Ni0.66851Si0.00787Ti0.02771;-0.13331;0.01109
649;350.0;;100.0;;20.284;Al0.02675C0.00416Co0.16484Cr0.21352Fe0.04970Mn0.00404Ni0.50126Si0.00791Ti0.02783;-0.22471;0.01207
649;724.0;;100.0;;20.284;Al0.01108B0.00022C0.00149Co0.12175Cr0.21849Mo0.01994Nb0.03347Ni0.57049Ta0.01057Ti0.01249;-0.56894;0.00170999999999999
649;365.0;;100.0;;20.284;C0.02437Co0.53635Cr0.28707Mn0.00799Ni0.10472Si0.01563W0.02388;0.4828;0.04
1093;138.0;;30.0;;29.33774763;Al0.11054B0.00083C0.00497Co0.10122Cr0.10325Hf0.00668Ni0.60864Ti0.02492W0.03894;0.036993;0.00580000000000003
1148;90.0;;30.0;;30.5189893;Al0.12649B0.00021C0.00241Co0.07362Cr0.08900Hf0.00049Mo0.02200Ni0.64205Re0.00963Ta0.01598Ti0.01813;-0.031092;0.00261999999999996
1093;138.0;;30.2;;29.34168948;Al0.13110B0.00273C0.00020Co0.05002Cr0.07937Hf0.00050Mo0.00922Ni0.67580Re0.00950Ta0.01955Ti0.01232W0.00962Y0.00010;-0.03884;0.00292999999999999
1093;138.0;;31.6;;29.36857255;Al0.14137B0.00022C0.00244Co0.07468Cr0.09029Hf0.00049Mo0.00917Ni0.64284Re0.00945Ta0.01946W0.00958;0.16952;0.00266
982;248.4;;33.0;;27.00573499;Al0.11253Co0.05152Cr0.11679Ni0.64665Ta0.04027Ti0.01903W0.01321;-0.16321;0
871;552.0;;35.1;;24.64783134;Al0.13110B0.00273C0.00020Co0.05002Cr0.07937Hf0.00050Mo0.00922Ni0.67580Re0.00950Ta0.01955Ti0.01232W0.00962Y0.00010;-0.03884;0.00292999999999999
1093;138.0;;35.4;;29.43593846;Al0.14047B0.00022C0.00247Co0.07537Cr0.09112Hf0.00050Ni0.64471Re0.01908Ta0.01964W0.00644;0.16056;0.00268999999999997
1148;90.0;;39.2;;30.6840595;Al0.14137B0.00022C0.00244Co0.07468Cr0.09029Hf0.00049Mo0.00917Ni0.64284Re0.00945Ta0.01946W0.00958;0.16952;0.00266
871;517.5;;40.0;;24.71275663;Al0.11253Co0.05152Cr0.11679Ni0.64665Ta0.04027Ti0.01903W0.01321;-0.16321;0
1093;138.0;;42.3;;29.54158094;Al0.14330B0.00275C0.00020Co0.07570Cr0.05720Hf0.00167Mo0.00310Ni0.65772Re0.00958Ta0.02630Ti0.01243W0.00971Y0.00033;-0.10394;0.00295000000000001
1093;138.0;;42.8;;29.54855219;Al0.13112B0.00273C0.00020Co0.10006Cr0.07938Hf0.00050Mo0.00922Ni0.62571Re0.00950Ta0.01955Ti0.01232W0.00962Y0.00010;-0.025072;0.00292999999999999
1093;138.0;;43.1;;29.55269595;Al0.13802B0.00278C0.00020Co0.07644Cr0.06931Hf0.00050Mo0.00939Ni0.65543Re0.00968Ta0.02158W0.01634Y0.00034;0.11969;0.00297999999999998
871;552.0;;43.5;;24.75443171;Al0.15822B0.00021C0.00237Cr0.07663Hf0.00048Mo0.00890Ni0.72525Re0.00917Ta0.00629W0.01239Y0.00010;0.26645;0.00258000000000003
982;276.0;;43.8;;27.16005001;Al0.12438B0.00021C0.00241Co0.07364Cr0.08903Hf0.00049Mo0.01809Ni0.60134Re0.01398Ta0.01599Ti0.06044;-0.34177;0.00261999999999996
1093;138.0;;44.1;;29.56630311;Al0.13876B0.00022C0.00244Co0.07445Cr0.09000Hf0.00049Mo0.01829Ni0.64183Re0.01414Ta0.01940;0.15399;0.00266
982;276.0;;44.5;;27.16869181;Al0.12690B0.00022C0.00248Co0.07578Cr0.09162Hf0.00050Mo0.00310Ni0.63558Re0.00959Ta0.01645Ti0.01866W0.01911;-0.0060671;0.00270000000000004
1093;138.0;;45.5;;29.58484357;Al0.12690B0.00022C0.00248Co0.07578Cr0.09162Hf0.00050Mo0.00310Ni0.63558Re0.00959Ta0.01645Ti0.01866W0.01911;-0.0060671;0.00270000000000004
1093;138.0;;46.0;;29.5913272;Al0.14094B0.00022C0.00247Co0.07562Cr0.09142Hf0.00050Ni0.64183Re0.01436Ta0.01970W0.01293;0.17092;0.00268999999999997
1148;90.0;;46.3;;30.78679059;Al0.13818B0.00278C0.00020Co0.07653Cr0.05783Hf0.00051Mo0.00940Ni0.66682Re0.00969Ta0.02160W0.01636Y0.00010;0.11281;0.00297999999999998
1148;90.0;;47.1;;30.79736271;Al0.13112B0.00273C0.00020Co0.10006Cr0.07938Hf0.00050Mo0.00922Ni0.62571Re0.00950Ta0.01955Ti0.01232W0.00962Y0.00010;-0.025072;0.00292999999999999
1093;138.0;;47.6;;29.6116111;Al0.14367B0.00276C0.00020Co0.07590Cr0.05735Hf0.00050Mo0.00932Ni0.65826Re0.00961Ta0.02637Ti0.00623W0.00973Y0.00010;-0.010539;0.00295999999999996
982;276.0;;48.7;;27.21784885;Al0.13818B0.00278C0.00020Co0.07653Cr0.05783Hf0.00051Mo0.00940Ni0.66682Re0.00969Ta0.02160W0.01636Y0.00010;0.11281;0.00297999999999998
982;276.0;;49.1;;27.22230727;Al0.13110B0.00273C0.00020Co0.05002Cr0.07937Hf0.00050Mo0.00922Ni0.67580Re0.00950Ta0.01955Ti0.01232W0.00962Y0.00010;-0.03884;0.00292999999999999
982;179.4;;50.0;;27.23220736;Al0.09208B0.00024C0.00246Co0.07528Cr0.11036Hf0.00050Mo0.00925Ni0.63191Ta0.01537Ti0.04325W0.01931;-0.20664;0.00270000000000004
982;276.0;;51.4;;27.24725871;Al0.13111B0.00273C0.00020Co0.07503Cr0.07938Hf0.00050Mo0.00922Ni0.65076Re0.00950Ta0.01955Ti0.01232W0.00962Y0.00010;-0.032943;0.00292999999999999
982;276.0;;51.6;;27.24937538;Al0.12653B0.00022C0.00245Cr0.07925Hf0.00049Mo0.01534Ni0.72155Re0.00632Ta0.01627Ti0.01845W0.01281Y0.00033;0.083687;0.00266999999999995
1093;124.2;;52.0;;29.66406057;Al0.11054B0.00083C0.00497Co0.10122Cr0.10325Hf0.00668Ni0.60864Ti0.02492W0.03894;0.036993;0.00580000000000003
1148;90.0;;52.2;;30.86080978;Al0.13111B0.00273C0.00020Co0.07503Cr0.07938Hf0.00050Mo0.00922Ni0.65076Re0.00950Ta0.01955Ti0.01232W0.00962Y0.00010;-0.032943;0.00292999999999999
1093;138.0;;52.4;;29.66860654;Al0.12588B0.00022C0.00246Co0.07518Cr0.09089Hf0.00050Ni0.64459Re0.01903Ta0.01632Ti0.01851W0.00643;-0.042713;0.00268000000000002
982;276.0;;53.5;;27.269084;Al0.14137B0.00022C0.00244Co0.07468Cr0.09029Hf0.00049Mo0.00917Ni0.64284Re0.00945Ta0.01946W0.00958;0.16952;0.00266
1148;90.0;;53.5;;30.87599072;Al0.13110B0.00273C0.00020Co0.05002Cr0.07937Hf0.00050Mo0.00922Ni0.67580Re0.00950Ta0.01955Ti0.01232W0.00962Y0.00010;-0.03884;0.00292999999999999
871;552.0;;53.8;;24.86001492;Al0.13111B0.00273C0.00020Co0.07503Cr0.07938Hf0.00050Mo0.00922Ni0.65076Re0.00950Ta0.01955Ti0.01232W0.00962Y0.00010;-0.032943;0.00292999999999999
871;379.5;;54.1;;24.86277767;Al0.09213B0.00042C0.00246Co0.07432Cr0.10927Hf0.00063Mo0.00925Ni0.63480Ta0.01537Ti0.04204W0.01932;-0.20251;0.00287999999999999
871;552.0;;54.2;;24.86369518;Al0.12588B0.00022C0.00246Co0.07518Cr0.09089Hf0.00050Ni0.64459Re0.01903Ta0.01632Ti0.01851W0.00643;-0.042713;0.00268000000000002
1093;138.0;;55.2;;29.69948878;Al0.12649B0.00021C0.00241Co0.07362Cr0.08900Hf0.00049Mo0.02200Ni0.64205Re0.00963Ta0.01598Ti0.01813;-0.031092;0.00261999999999996
982;276.0;;55.3;;27.28712004;Al0.15822B0.00021C0.00237Cr0.07663Hf0.00048Mo0.00890Ni0.72525Re0.00917Ta0.00629W0.01239Y0.00010;0.26645;0.00258000000000003
982;276.0;;55.5;;27.28908769;Al0.14330B0.00275C0.00020Co0.07570Cr0.05720Hf0.00167Mo0.00310Ni0.65772Re0.00958Ta0.02630Ti0.01243W0.00971Y0.00033;-0.10394;0.00295000000000001
1148;90.0;;55.5;;30.89864033;Al0.14330B0.00275C0.00020Co0.07570Cr0.05720Hf0.00167Mo0.00310Ni0.65772Re0.00958Ta0.02630Ti0.01243W0.00971Y0.00033;-0.10394;0.00295000000000001
871;552.0;;55.6;;24.87636556;Al0.14137B0.00022C0.00244Co0.07468Cr0.09029Hf0.00049Mo0.00917Ni0.64284Re0.00945Ta0.01946W0.00958;0.16952;0.00266
871;552.0;;56.3;;24.8825816;Al0.12649B0.00021C0.00241Co0.07362Cr0.08900Hf0.00049Mo0.02200Ni0.64205Re0.00963Ta0.01598Ti0.01813;-0.031092;0.00261999999999996
982;276.0;;56.3;;27.29688804;Al0.12649B0.00021C0.00241Co0.07362Cr0.08900Hf0.00049Mo0.02200Ni0.64205Re0.00963Ta0.01598Ti0.01813;-0.031092;0.00261999999999996
1093;138.0;;57.4;;29.72267365;Al0.12438B0.00021C0.00241Co0.07364Cr0.08903Hf0.00049Mo0.01809Ni0.60134Re0.01398Ta0.01599Ti0.06044;-0.34177;0.00261999999999996
871;552.0;;57.9;;24.89650428;Al0.13112B0.00273C0.00020Co0.10006Cr0.07938Hf0.00050Mo0.00922Ni0.62571Re0.00950Ta0.01955Ti0.01232W0.00962Y0.00010;-0.025072;0.00292999999999999
982;276.0;;58.5;;27.31778061;Al0.12781B0.00022C0.00248Co0.10089Cr0.08005Hf0.00050Mo0.00930Ni0.61776Re0.00319Ta0.01643Ti0.01863W0.02264Y0.00010;0.038254;0.00270000000000004
871;552.0;;59.8;;24.91254615;Al0.12782B0.00022C0.00248Co0.10090Cr0.08005Hf0.00050Mo0.00930Ni0.61782Re0.00958Ta0.01643Ti0.01863W0.01617Y0.00010;0.0041343;0.00270000000000004
982;276.0;;60.1;;27.33248746;Al0.13097B0.00022C0.00245Co0.07495Cr0.09062Hf0.00049Mo0.00921Ni0.64016Re0.00949Ta0.01953Ti0.01230W0.00961;0.014595;0.00266999999999995
871;552.0;;62.2;;24.9320962;Al0.14047B0.00022C0.00247Co0.07537Cr0.09112Hf0.00050Ni0.64471Re0.01908Ta0.01964W0.00644;0.16056;0.00268999999999997
982;276.0;;63.1;;27.35903685;Al0.12666B0.00022C0.00247Co0.07564Cr0.09144Hf0.00050Ni0.63927Re0.00958Ta0.01642Ti0.01862W0.01907Y0.00010;-0.00035521;0.00268999999999997
982;276.0;;63.7;;27.36419499;Al0.13112B0.00273C0.00020Co0.10006Cr0.07938Hf0.00050Mo0.00922Ni0.62571Re0.00950Ta0.01955Ti0.01232W0.00962Y0.00010;-0.025072;0.00292999999999999
871;552.0;;64.2;;24.94782007;Al0.13802B0.00278C0.00020Co0.07644Cr0.06931Hf0.00050Mo0.00939Ni0.65543Re0.00968Ta0.02158W0.01634Y0.00034;0.11969;0.00297999999999998
982;276.0;;64.7;;27.37268487;Al0.14047B0.00022C0.00247Co0.07537Cr0.09112Hf0.00050Ni0.64471Re0.01908Ta0.01964W0.00644;0.16056;0.00268999999999997
1093;138.0;;64.8;;29.79461146;Al0.14318B0.00275C0.00020Co0.07564Cr0.05715Hf0.00050Mo0.00929Ni0.66107Re0.00958Ta0.02463Ti0.00621W0.00970Y0.00010;-0.0023064;0.00295000000000001
982;276.0;;65.4;;27.37855007;Al0.14318B0.00275C0.00020Co0.07564Cr0.05715Hf0.00050Mo0.00929Ni0.66107Re0.00958Ta0.02463Ti0.00621W0.00970Y0.00010;-0.0023064;0.00295000000000001
982;179.4;;65.6;;27.38021432;Al0.09224B0.00016C0.00247Co0.07542Cr0.11055Hf0.00066Mo0.00926Ni0.63051Ta0.01572Ti0.04333W0.01966;-0.21201;0.00263000000000002
1148;90.0;;66.4;;31.00930084;Al0.13097B0.00022C0.00245Co0.07495Cr0.09062Hf0.00049Mo0.00921Ni0.64016Re0.00949Ta0.01953Ti0.01230W0.00961;0.014595;0.00266999999999995
871;552.0;;66.7;;24.96679995;Al0.12631B0.00022C0.00247Co0.07543Cr0.09119Hf0.00050Ni0.64171Re0.01432Ta0.01638Ti0.01857W0.01290;-0.031007;0.00268999999999997
982;276.0;;67.1;;27.39253676;Al0.12631B0.00022C0.00247Co0.07543Cr0.09119Hf0.00050Ni0.64171Re0.01432Ta0.01638Ti0.01857W0.01290;-0.031007;0.00268999999999997
1093;138.0;;68.0;;29.82320717;Al0.14319B0.00275C0.00020Co0.07564Cr0.05716Hf0.00050Mo0.00929Ni0.66110Re0.01117Ta0.02299Ti0.00621W0.00970Y0.00010;0.0064129;0.00295000000000001
982;276.0;;68.5;;27.40379167;Al0.12676B0.00022C0.00245Co0.07505Cr0.09073Hf0.00050Mo0.00922Ni0.63796Re0.00950Ta0.01629Ti0.01848W0.01283;-0.01848;0.00266999999999995
982;276.0;;68.9;;27.40696512;Al0.12782B0.00022C0.00248Co0.10090Cr0.08005Hf0.00050Mo0.00930Ni0.61779Re0.00639Ta0.01643Ti0.01863W0.01941Y0.00010;0.019382;0.00270000000000004
871;379.5;;69.2;;24.98508137;Al0.09224B0.00016C0.00247Co0.07542Cr0.11055Hf0.00066Mo0.00926Ni0.63051Ta0.01572Ti0.04333W0.01966;-0.21201;0.00263000000000002
982;276.0;;69.6;;27.4124746;Al0.14094B0.00022C0.00247Co0.07562Cr0.09142Hf0.00050Ni0.64183Re0.01436Ta0.01970W0.01293;0.17092;0.00268999999999997
1093;138.0;;70.1;;29.84125081;Al0.12631B0.00022C0.00247Co0.07543Cr0.09119Hf0.00050Ni0.64171Re0.01432Ta0.01638Ti0.01857W0.01290;-0.031007;0.00268999999999997
982;276.0;;70.3;;27.41792893;Al0.13802B0.00278C0.00020Co0.07644Cr0.06931Hf0.00050Mo0.00939Ni0.65543Re0.00968Ta0.02158W0.01634Y0.00034;0.11969;0.00297999999999998
982;276.0;;72.7;;27.43622569;Al0.13835B0.00022C0.00251Co0.10216Cr0.08106Hf0.00051Mo0.00941Ni0.61632Re0.00808Ta0.02163W0.01965Y0.00010;0.20103;0.00273000000000001
982;276.0;;72.7;;27.43622569;Al0.13885B0.00022C0.00252Co0.10253Cr0.08135Hf0.00051Mo0.00945Ni0.61304Re0.00649Ta0.02171W0.02301Y0.00034;0.20772;0.00273999999999996
871;552.0;;74.0;;25.01840109;Al0.14541B0.00022C0.00251Co0.10242Cr0.05804Hf0.00051Mo0.00944Ni0.63021Re0.00972Ta0.02335W0.01806Y0.00010;0.17918;0.00273000000000001
1148;90.0;;74.3;;31.0786751;Al0.13782B0.00277C0.00020Co0.07633Cr0.08075Hf0.00050Mo0.00938Ni0.64463Re0.00966Ta0.02155W0.01631Y0.00010;0.12805;0.00297000000000003
871;552.0;;75.7;;25.02968569;Al0.13097B0.00022C0.00245Co0.07495Cr0.09062Hf0.00049Mo0.00921Ni0.64016Re0.00949Ta0.01953Ti0.01230W0.00961;0.014595;0.00266999999999995
982;276.0;;76.2;;27.46185349;Al0.13787B0.00022C0.00250Co0.10181Cr0.08078Hf0.00050Mo0.00938Ni0.61930Re0.00967Ta0.02155W0.01632Y0.00010;0.191;0.00271999999999994
871;552.0;;76.5;;25.03490868;Al0.14318B0.00275C0.00020Co0.07564Cr0.05715Hf0.00050Mo0.00929Ni0.66107Re0.00958Ta0.02463Ti0.00621W0.00970Y0.00010;-0.0023064;0.00295000000000001
982;207.0;;76.8;;27.46612833;Al0.12353Cr0.11790Ni0.71390Ta0.02039W0.02428;0.17981;0
982;276.0;;80.4;;27.49109634;Al0.13782B0.00277C0.00020Co0.07633Cr0.08075Hf0.00050Mo0.00938Ni0.64463Re0.00966Ta0.02155W0.01631Y0.00010;0.12805;0.00297000000000003
982;276.0;;80.7;;27.49312629;Al0.15230B0.00022C0.00244Co0.09961Cr0.06774Hf0.00049Mo0.00918Ni0.62792Re0.00946Ta0.01298W0.01756Y0.00010;0.25057;0.00266
982;207.0;;81.5;;27.4985028;Al0.12353Cr0.11790Ni0.71390Ta0.02039W0.02428;0.17981;0
1148;90.0;;82.9;;31.14626599;Al0.12631B0.00022C0.00247Co0.07543Cr0.09119Hf0.00050Ni0.64171Re0.01432Ta0.01638Ti0.01857W0.01290;-0.031007;0.00268999999999997
982;276.0;;83.6;;27.51236888;Al0.14367B0.00276C0.00020Co0.07590Cr0.05735Hf0.00050Mo0.00932Ni0.65826Re0.00961Ta0.02637Ti0.00623W0.00973Y0.00010;-0.010539;0.00295999999999996
871;552.0;;84.3;;25.08314675;Al0.14319B0.00275C0.00020Co0.07564Cr0.05716Hf0.00050Mo0.00929Ni0.66110Re0.01117Ta0.02299Ti0.00621W0.00970Y0.00010;0.0064129;0.00295000000000001
871;552.0;;85.6;;25.09074999;Al0.12438B0.00021C0.00241Co0.07364Cr0.08903Hf0.00049Mo0.01809Ni0.60134Re0.01398Ta0.01599Ti0.06044;-0.34177;0.00261999999999996
982;276.0;;85.6;;27.52525457;Al0.14319B0.00275C0.00020Co0.07564Cr0.05716Hf0.00050Mo0.00929Ni0.66110Re0.01117Ta0.02299Ti0.00621W0.00970Y0.00010;0.0064129;0.00295000000000001
871;414.0;;86.4;;25.09537172;Al0.12353Cr0.11790Ni0.71390Ta0.02039W0.02428;0.17981;0
871;552.0;;86.8;;25.09766657;Al0.12666B0.00022C0.00247Co0.07564Cr0.09144Hf0.00050Ni0.63927Re0.00958Ta0.01642Ti0.01862W0.01907Y0.00010;-0.00035521;0.00268999999999997
871;552.0;;87.0;;25.09881002;Al0.12690B0.00022C0.00248Co0.07578Cr0.09162Hf0.00050Mo0.00310Ni0.63558Re0.00959Ta0.01645Ti0.01866W0.01911;-0.0060671;0.00270000000000004
871;448.5;;89.2;;25.11121739;Al0.09105Co0.05022Cr0.12068Hf0.00066Mo0.00568Ni0.65082Ta0.01446Ti0.04551W0.02093;-0.2391;0
1093;138.0;;90.0;;29.98949527;Al0.12666B0.00022C0.00247Co0.07564Cr0.09144Hf0.00050Ni0.63927Re0.00958Ta0.01642Ti0.01862W0.01907Y0.00010;-0.00035521;0.00268999999999997
871;552.0;;90.1;;25.11620516;Al0.12781B0.00022C0.00248Co0.10089Cr0.08005Hf0.00050Mo0.00930Ni0.61776Re0.00319Ta0.01643Ti0.01863W0.02264Y0.00010;0.038254;0.00270000000000004
1148;90.0;;90.4;;31.19971534;Al0.12676B0.00022C0.00245Co0.07505Cr0.09073Hf0.00050Mo0.00922Ni0.63796Re0.00950Ta0.01629Ti0.01848W0.01283;-0.01848;0.00266999999999995
871;414.0;;90.8;;25.12005021;Al0.12353Cr0.11790Ni0.71390Ta0.02039W0.02428;0.17981;0
982;248.4;;91.0;;27.55859695;Al0.11054B0.00083C0.00497Co0.10122Cr0.10325Hf0.00668Ni0.60864Ti0.02492W0.03894;0.036993;0.00580000000000003
982;276.0;;91.9;;27.56396097;Al0.14540B0.00022C0.00251Co0.10242Cr0.05804Hf0.00051Mo0.00944Ni0.63019Re0.00648Ta0.02335W0.02134Y0.00010;0.18901;0.00273000000000001
760;621.0;;92.4;;22.69053915;Al0.09213B0.00042C0.00246Co0.07432Cr0.10927Hf0.00063Mo0.00925Ni0.63480Ta0.01537Ti0.04204W0.01932;-0.20251;0.00287999999999999
760;621.0;;92.5;;22.69102441;Al0.09208B0.00024C0.00246Co0.07528Cr0.11036Hf0.00050Mo0.00925Ni0.63191Ta0.01537Ti0.04325W0.01931;-0.20664;0.00270000000000004
871;552.0;;92.7;;25.13033922;Al0.12782B0.00022C0.00248Co0.10090Cr0.08005Hf0.00050Mo0.00930Ni0.61779Re0.00639Ta0.01643Ti0.01863W0.01941Y0.00010;0.019382;0.00270000000000004
871;552.0;;94.5;;25.13989399;Al0.12676B0.00022C0.00245Co0.07505Cr0.09073Hf0.00050Mo0.00922Ni0.63796Re0.00950Ta0.01629Ti0.01848W0.01283;-0.01848;0.00266999999999995
982;276.0;;94.7;;27.58031922;Al0.14541B0.00022C0.00251Co0.10242Cr0.05804Hf0.00051Mo0.00944Ni0.63021Re0.00972Ta0.02335W0.01806Y0.00010;0.17918;0.00273000000000001
871;552.0;;96.5;;25.15029925;Al0.12653B0.00022C0.00245Cr0.07925Hf0.00049Mo0.01534Ni0.72155Re0.00632Ta0.01627Ti0.01845W0.01281Y0.00033;0.083687;0.00266999999999995
1148;90.0;;96.9;;31.24256609;Al0.13802B0.00278C0.00020Co0.07644Cr0.06931Hf0.00050Mo0.00939Ni0.65543Re0.00968Ta0.02158W0.01634Y0.00034;0.11969;0.00297999999999998
871;552.0;;97.1;;25.1533788;Al0.14540B0.00022C0.00251Co0.10242Cr0.05804Hf0.00051Mo0.00944Ni0.63019Re0.00648Ta0.02335W0.02134Y0.00010;0.18901;0.00273000000000001
982;179.4;;98.1;;27.5995446;Al0.09213B0.00042C0.00246Co0.07432Cr0.10927Hf0.00063Mo0.00925Ni0.63480Ta0.01537Ti0.04204W0.01932;-0.20251;0.00287999999999999
1093;138.0;;98.4;;30.0424313;Al0.13782B0.00277C0.00020Co0.07633Cr0.08075Hf0.00050Mo0.00938Ni0.64463Re0.00966Ta0.02155W0.01631Y0.00010;0.12805;0.00297000000000003
1093;138.0;;100.3;;30.05377707;Al0.13097B0.00022C0.00245Co0.07495Cr0.09062Hf0.00049Mo0.00921Ni0.64016Re0.00949Ta0.01953Ti0.01230W0.00961;0.014595;0.00266999999999995
1093;138.0;;100.6;;30.05554884;Al0.14419B0.00277C0.00020Co0.07617Cr0.05756Hf0.00050Mo0.00936Ni0.65552Re0.01446Ta0.02315Ti0.00625W0.00977Y0.00010;0.0086566;0.00297000000000003
871;552.0;;101.9;;25.17735127;Al0.13876B0.00022C0.00244Co0.07445Cr0.09000Hf0.00049Mo0.01829Ni0.64183Re0.01414Ta0.01940;0.15399;0.00266
982;276.0;;103.0;;27.62611072;Al0.12588B0.00022C0.00246Co0.07518Cr0.09089Hf0.00050Ni0.64459Re0.01903Ta0.01632Ti0.01851W0.00643;-0.042713;0.00268000000000002
871;552.0;;103.9;;25.18700819;Al0.14367B0.00276C0.00020Co0.07590Cr0.05735Hf0.00050Mo0.00932Ni0.65826Re0.00961Ta0.02637Ti0.00623W0.00973Y0.00010;-0.010539;0.00295999999999996
871;517.5;;105.0;;25.19224056;Al0.11054B0.00083C0.00497Co0.10122Cr0.10325Hf0.00668Ni0.60864Ti0.02492W0.03894;0.036993;0.00580000000000003
871;552.0;;110.0;;25.21535323;Al0.13885B0.00022C0.00252Co0.10253Cr0.08135Hf0.00051Mo0.00945Ni0.61304Re0.00649Ta0.02171W0.02301Y0.00034;0.20772;0.00273999999999996
871;552.0;;113.1;;25.22916122;Al0.14491B0.00022C0.00250Co0.10207Cr0.05784Hf0.00051Mo0.00940Ni0.63317Re0.01292Ta0.02327W0.01309Y0.00010;0.16589;0.00271999999999994
1148;90.0;;113.3;;31.3390607;Al0.14319B0.00275C0.00020Co0.07564Cr0.05716Hf0.00050Mo0.00929Ni0.66110Re0.01117Ta0.02299Ti0.00621W0.00970Y0.00010;0.0064129;0.00295000000000001
871;552.0;;114.3;;25.23440489;Al0.13782B0.00277C0.00020Co0.07633Cr0.08075Hf0.00050Mo0.00938Ni0.64463Re0.00966Ta0.02155W0.01631Y0.00010;0.12805;0.00297000000000003
982;220.8;;114.5;;27.68380089;Al0.09105Co0.05022Cr0.12068Hf0.00066Mo0.00568Ni0.65082Ta0.01446Ti0.04551W0.02093;-0.2391;0
982;276.0;;115.5;;27.68854039;Al0.14419B0.00277C0.00020Co0.07617Cr0.05756Hf0.00050Mo0.00936Ni0.65552Re0.01446Ta0.02315Ti0.00625W0.00977Y0.00010;0.0086566;0.00297000000000003
871;552.0;;119.1;;25.25484306;Al0.13835B0.00022C0.00251Co0.10216Cr0.08106Hf0.00051Mo0.00941Ni0.61632Re0.00808Ta0.02163W0.01965Y0.00010;0.20103;0.00273000000000001
871;552.0;;119.2;;25.25526004;Al0.15230B0.00022C0.00244Co0.09961Cr0.06774Hf0.00049Mo0.00918Ni0.62792Re0.00946Ta0.01298W0.01756Y0.00010;0.25057;0.00266
982;276.0;;119.8;;27.70846331;Al0.14491B0.00022C0.00250Co0.10207Cr0.05784Hf0.00051Mo0.00940Ni0.63317Re0.01292Ta0.02327W0.01309Y0.00010;0.16589;0.00271999999999994
1148;90.0;;121.4;;31.38167475;Al0.14367B0.00276C0.00020Co0.07590Cr0.05735Hf0.00050Mo0.00932Ni0.65826Re0.00961Ta0.02637Ti0.00623W0.00973Y0.00010;-0.010539;0.00295999999999996
982;276.0;;126.5;;27.73812361;Al0.12782B0.00022C0.00248Co0.10090Cr0.08005Hf0.00050Mo0.00930Ni0.61782Re0.00958Ta0.01643Ti0.01863W0.01617Y0.00010;0.0041343;0.00270000000000004
871;379.5;;133.8;;25.31266579;Al0.09208B0.00024C0.00246Co0.07528Cr0.11036Hf0.00050Mo0.00925Ni0.63191Ta0.01537Ti0.04325W0.01931;-0.20664;0.00270000000000004
1148;90.0;;143.2;;31.48359503;Al0.14318B0.00275C0.00020Co0.07564Cr0.05715Hf0.00050Mo0.00929Ni0.66107Re0.00958Ta0.02463Ti0.00621W0.00970Y0.00010;-0.0023064;0.00295000000000001
871;552.0;;147.4;;25.36076112;Al0.14419B0.00277C0.00020Co0.07617Cr0.05756Hf0.00050Mo0.00936Ni0.65552Re0.01446Ta0.02315Ti0.00625W0.00977Y0.00010;0.0086566;0.00297000000000003
1093;138.0;;153.7;;30.3069965;Al0.14537B0.00279C0.00020Co0.07680Cr0.05803Hf0.00051Mo0.00943Ni0.65576Re0.01782Ta0.02334W0.00985Y0.00010;0.098243;0.00299000000000005
982;276.0;;158.7;;27.86172404;Al0.14537B0.00279C0.00020Co0.07680Cr0.05803Hf0.00051Mo0.00943Ni0.65576Re0.01782Ta0.02334W0.00985Y0.00010;0.098243;0.00299000000000005
982;276.0;;161.8;;27.87226804;Al0.13876B0.00022C0.00244Co0.07445Cr0.09000Hf0.00049Mo0.01829Ni0.64183Re0.01414Ta0.01940;0.15399;0.00266
1100;120.0;;166.0;;30.5082084;Al0.12914Co0.05279Cr0.09574Hf0.01952Mo0.00389Ni0.63821Ta0.02063Ti0.01300W0.02708;-0.21295;0
1200;70.0;;167.0;;32.73406136;Al0.11443Co0.03419Cr0.01750Hf0.00036Nb0.00140Ni0.75197Re0.02618Ta0.03592W0.01768Y0.00037;0.0065598;0
982;220.8;;173.5;;27.91032085;Al0.09092Co0.05015Cr0.12051Mo0.00567Ni0.65195Ta0.01444Ti0.04545W0.02090;-0.22943;0
1200;70.0;;182.0;;32.78908515;Al0.12886Co0.08597Cr0.05359Hf0.00035Nb0.00068Ni0.65821Re0.01633Ta0.03010W0.02584Y0.00007;0.066404;0
760;621.0;;184.4;;23.00053103;Al0.09224B0.00016C0.00247Co0.07542Cr0.11055Hf0.00066Mo0.00926Ni0.63051Ta0.01572Ti0.04333W0.01966;-0.21201;0.00263000000000002
1093;138.0;;184.5;;30.41535104;Al0.12676B0.00022C0.00245Co0.07505Cr0.09073Hf0.00050Mo0.00922Ni0.63796Re0.00950Ta0.01629Ti0.01848W0.01283;-0.01848;0.00266999999999995
1040;137.2;;205.5;;29.29672193;Al0.11612B0.00173C0.00401Co0.01012Cr0.13593Hf0.00084Nb0.01148Ni0.67191Re0.00482Ta0.02471W0.01832;0.10569;0.00573999999999997
1040;137.2;;211.1;;29.31205305;Al0.09969B0.00149C0.00319Co0.13011Cr0.07849Hf0.00083Mo0.00470Nb0.00998Ni0.61982Re0.00418Ta0.02624W0.02126;0.037775;0.00468000000000002
1200;70.0;;213.0;;32.88970316;Al0.13471Co0.05122Cr0.04596Hf0.00035Nb0.00338Ni0.69533Re0.01959Ta0.02606W0.02326Y0.00014;0.047786;0
1148;90.0;;220.1;;31.74886308;Al0.14537B0.00279C0.00020Co0.07680Cr0.05803Hf0.00051Mo0.00943Ni0.65576Re0.01782Ta0.02334W0.00985Y0.00010;0.098243;0.00299000000000005
1040;137.2;;220.3;;29.33637803;Al0.11123B0.00183C0.00453Co0.01103Cr0.09128Hf0.00097Mo0.00542Nb0.01725Ni0.70230Re0.00482Ta0.02469W0.02464;0.09998;0.00636000000000003
1040;137.2;;220.3;;29.33637803;Al0.11789B0.00165C0.00384Co0.01054Cr0.11584Hf0.00100Mo0.00539Nb0.00576Ni0.68089Re0.00482Ta0.03019W0.02219;0.12985;0.00548999999999999
1040;137.2;;220.5;;29.33689548;Al0.10938B0.00188C0.00452Co0.00576Cr0.09001Hf0.00086Mo0.00541Nb0.00572Ni0.70436Re0.00481Ta0.02194Ti0.01509W0.03026;0.064256;0.00639999999999996
982;220.8;;224.8;;28.05150437;Al0.09628Co0.02525Cr0.11468Mo0.00566Ni0.68362Ta0.01442Ti0.03922W0.02087;-0.14869;0
1200;70.0;;232.0;;32.9443638;Al0.13005Co0.06967Cr0.02221Hf0.00072Nb0.00207Ni0.69843Re0.02481Ta0.03368W0.01815Y0.00022;0.0051869;0
1040;137.2;;232.2;;29.36637709;Al0.11455B0.00127C0.00342Co0.01026Cr0.09036Hf0.00098Mo0.00539Nb0.01147Ni0.70285Re0.00482Ta0.03020W0.02444;0.083402;0.00468999999999997
1040;137.2;;240.4;;29.38616695;Al0.10408B0.00138C0.00310Co0.09078Cr0.08215Hf0.00083Mo0.00491Nb0.01048Ni0.64819Re0.00439Ta0.02748W0.02222;0.02808;0.00448000000000004
871;448.5;;240.5;;25.60399565;Al0.09628Co0.02525Cr0.11468Mo0.00566Ni0.68362Ta0.01442Ti0.03922W0.02087;-0.14869;0
1040;137.2;;244.8;;29.39650939;Al0.11530B0.00145C0.00361Co0.01077Cr0.09005Hf0.00102Mo0.00544Nb0.01089Ni0.69739Re0.00965Ta0.03022W0.02420;0.078252;0.00505999999999995
1148;90.0;;246.3;;31.81827093;Al0.14419B0.00277C0.00020Co0.07617Cr0.05756Hf0.00050Mo0.00936Ni0.65552Re0.01446Ta0.02315Ti0.00625W0.00977Y0.00010;0.0086566;0.00297000000000003
871;552.0;;257.2;;25.63734998;Al0.14537B0.00279C0.00020Co0.07680Cr0.05803Hf0.00051Mo0.00943Ni0.65576Re0.01782Ta0.02334W0.00985Y0.00010;0.098243;0.00299000000000005
1200;70.0;;261.0;;33.01971147;Al0.12609Co0.04846Cr0.03662Hf0.00036Nb0.00205Ni0.71481Re0.02045Ta0.03017W0.02071Y0.00029;0.027678;0
1050;140.0;;270.0;;29.67669426;Al0.12914Co0.05279Cr0.09574Hf0.01952Mo0.00389Ni0.63821Ta0.02063Ti0.01300W0.02708;-0.21295;0
1040;137.2;;275.3;;29.46346556;Al0.10916B0.00149C0.00316Co0.04755Cr0.08605Hf0.00087Mo0.00518Nb0.01097Ni0.67889Re0.00461Ta0.02878W0.02329;0.027857;0.00465000000000004
982;220.8;;276.7;;28.16472149;Al0.09105Co0.05022Cr0.12068Hf0.00066Mo0.00568Ni0.65082Ta0.01446Ti0.04551W0.02093;-0.2391;0
1200;70.0;;281.0;;33.06694441;Al0.12258Co0.04334Cr0.02947Hf0.00036Nb0.00206Ni0.72889Re0.02229Ta0.03176W0.01910Y0.00014;0.0151;0
982;220.8;;288.1;;28.18672679;Al0.09761Co0.02560Cr0.00691Hf0.00067Mo0.00574Ni0.78793Ta0.01462Ti0.03977W0.02116;-0.17628;0
1040;137.2;;298.7;;29.50998385;Al0.11186B0.00144C0.00311Co0.02439Cr0.08809Hf0.00091Mo0.00532Nb0.01125Ni0.69559Re0.00471Ta0.02947W0.02386;0.043632;0.00455000000000005
982;220.8;;304.6;;28.21708102;Al0.09092Co0.05015Cr0.12051Mo0.00567Ni0.65195Ta0.01444Ti0.04545W0.02090;-0.22943;0
1040;137.2;;311.1;;29.53317771;Al0.12620B0.00157C0.00409Co0.01049Cr0.08425Hf0.00088Mo0.00543Nb0.00574Ni0.71128Re0.00482Ta0.01922W0.02604;0.1834;0.00566
1100;120.0;;319.0;;30.89770461;Al0.13896Co0.08209Cr0.08141Hf0.00068Mo0.01261Ni0.63468Re0.00974Ta0.02339W0.01645;0.10958;0
1040;137.2;;323.3;;29.55511229;Al0.11446B0.00132C0.00363Cr0.09029Hf0.00073Mo0.00539Nb0.01146Ni0.71330Re0.00482Ta0.03018W0.02442;0.13014;0.00495000000000001
1040;137.2;;328.3;;29.56386367;Al0.12100B0.00152C0.00320Co0.01080Cr0.08812Hf0.00099Mo0.00545Ni0.69888Re0.00484Ta0.04120W0.02400;0.13832;0.00471999999999995
1040;137.2;;333.5;;29.57282484;Al0.11449B0.00184C0.00342Co0.01057Cr0.09032Hf0.00098Mo0.00539Nb0.01146Ni0.70209Re0.00482Ta0.03019W0.02443;0.082089;0.00526000000000004
871;448.5;;339.8;;25.77571954;Al0.09092Co0.05015Cr0.12051Mo0.00567Ni0.65195Ta0.01444Ti0.04545W0.02090;-0.22943;0
1037;124.2;;344.6;;29.52388301;Al0.12353Cr0.11790Ni0.71390Ta0.02039W0.02428;0.17981;0
1040;137.2;;351.2;;29.60231307;Al0.12210B0.00143C0.00360Co0.01057Cr0.08531Hf0.00090Mo0.00540Nb0.00578Ni0.70714Re0.00484Ta0.02472W0.02822;0.15439;0.00502999999999998
760;759.0;;368.0;;23.3105208;Al0.09628Co0.02525Cr0.11468Mo0.00566Ni0.68362Ta0.01442Ti0.03922W0.02087;-0.14869;0
1100;120.0;;377.0;;30.99731667;Al0.12587Co0.09262Cr0.07581Hf0.00034Mo0.00379Ni0.63754Re0.00977Ta0.02179Ti0.01267W0.01979;-0.029938;0
950;240.0;;380.0;;27.61507534;Al0.12914Co0.05279Cr0.09574Hf0.01952Mo0.00389Ni0.63821Ta0.02063Ti0.01300W0.02708;-0.21295;0
1150;90.0;;387.0;;32.1423127;Al0.13896Co0.08209Cr0.08141Hf0.00068Mo0.01261Ni0.63468Re0.00974Ta0.02339W0.01645;0.10958;0
1040;137.2;;388.9;;29.66045722;Al0.11774B0.00151C0.00350Co0.01074Cr0.08918Hf0.00098Mo0.00542Nb0.00573Ni0.70042Re0.00485Ta0.03570W0.02423;0.10156;0.00500999999999996
1040;137.31;;400.0;;29.67650477;Al0.12111Cr0.05713Mo0.01238Ni0.75821Ta0.02134Ti0.01365W0.01616;0.064276;0
1040;137.2;;415.4;;29.6980465;Al0.12140B0.00149C0.00342Co0.01065Cr0.08965Hf0.00091Mo0.00544Nb0.00575Ni0.69974Re0.00965Ta0.03294W0.01897;0.092845;0.00490999999999997
1050;140.0;;416.0;;29.92506048;Al0.13896Co0.08209Cr0.08141Hf0.00068Mo0.01261Ni0.63468Re0.00974Ta0.02339W0.01645;0.10958;0
1040;137.2;;430.0;;29.71774408;Al0.11985B0.00150C0.00357Co0.01076Cr0.08719Hf0.00087Mo0.00544Nb0.00576Ni0.70361Re0.00484Ta0.03021W0.02639;0.13038;0.00507000000000002
1040;137.2;;433.4;;29.72223513;Al0.11976B0.00157C0.00319Co0.01075Cr0.08869Hf0.00088Mo0.00543Nb0.00574Ni0.69821Re0.00967Ta0.03294W0.02317;0.098065;0.00475999999999999
1150;90.0;;435.0;;32.21457021;Al0.12587Co0.09262Cr0.07581Hf0.00034Mo0.00379Ni0.63754Re0.00977Ta0.02179Ti0.01267W0.01979;-0.029938;0
1040;137.2;;436.5;;29.72629932;Al0.12172B0.00167C0.00368Co0.01066Cr0.08805Hf0.00091Mo0.00545Nb0.00576Ni0.70009Re0.00965Ta0.03018W0.02220;0.11673;0.00534999999999997
1040;137.31;;440.0;;29.73085336;Al0.10657Co0.04879Cr0.11060Ni0.69079Ta0.01271Ti0.01802W0.01251;-0.038336;0
850;500.0;;450.0;;25.43955765;Al0.12914Co0.05279Cr0.09574Hf0.01952Mo0.00389Ni0.63821Ta0.02063Ti0.01300W0.02708;-0.21295;0
1040;137.2;;454.3;;29.74909101;Al0.12355B0.00178C0.00374Co0.01077Cr0.05265Hf0.00079Mo0.00541Nb0.00573Ni0.71972Re0.01931Ta0.03019W0.02636;0.11434;0.00551999999999997
1040;137.2;;460.6;;29.75694432;Al0.12178B0.00154C0.00326Co0.01078Cr0.05221Hf0.00086Mo0.00542Nb0.00573Ni0.72277Re0.01472Ta0.03022W0.03072;0.10923;0.00480000000000003
1050;140.0;;468.0;;29.99273526;Al0.12587Co0.09262Cr0.07581Hf0.00034Mo0.00379Ni0.63754Re0.00977Ta0.02179Ti0.01267W0.01979;-0.029938;0
1150;90.0;;473.0;;32.2663274;Al0.11443Co0.03419Cr0.01750Hf0.00036Nb0.00140Ni0.75197Re0.02618Ta0.03592W0.01768Y0.00037;0.0065598;0
1040;137.2;;477.5;;29.77749204;Al0.11909B0.00205C0.00313Co0.01046Cr0.07295Hf0.00073Mo0.02706Nb0.00578Ni0.70878Re0.00484Ta0.02471W0.02043;0.15427;0.00517999999999996
1150;90.0;;485.0;;32.28181049;Al0.12886Co0.08597Cr0.05359Hf0.00035Nb0.00068Ni0.65821Re0.01633Ta0.03010W0.02584Y0.00007;0.066404;0
1100;120.0;;487.0;;31.14997726;Al0.11443Co0.03419Cr0.01750Hf0.00036Nb0.00140Ni0.75197Re0.02618Ta0.03592W0.01768Y0.00037;0.0065598;0
1100;120.0;;498.0;;31.16329589;Al0.12886Co0.08597Cr0.05359Hf0.00035Nb0.00068Ni0.65821Re0.01633Ta0.03010W0.02584Y0.00007;0.066404;0
871;448.5;;502.3;;25.96990188;Al0.09105Co0.05022Cr0.12068Hf0.00066Mo0.00568Ni0.65082Ta0.01446Ti0.04551W0.02093;-0.2391;0
1040;137.2;;507.3;;29.81201276;Al0.11844B0.00150C0.00357Co0.01055Cr0.08059Hf0.00098Mo0.01626Nb0.00576Ni0.70510Re0.00484Ta0.03020W0.02222;0.12748;0.00507000000000002
1040;137.2;;508.9;;29.81380841;Al0.11994B0.00147C0.00322Co0.00958Cr0.07017Hf0.00078Mo0.00542Nb0.00574Ni0.71315Re0.00964Ta0.03019W0.03068;0.12515;0.00468999999999997
1040;137.2;;509.9;;29.81492782;Al0.11791B0.00145C0.00319Co0.01075Cr0.08773Hf0.00091Mo0.00543Nb0.00574Ni0.70158Re0.00482Ta0.03294W0.02754;0.11314;0.00463999999999998
1040;137.2;;525.5;;29.83211198;Al0.11798B0.00139C0.00319Co0.01087Cr0.08707Hf0.00095Mo0.00543Nb0.00574Ni0.70184Re0.00482Ta0.03158W0.02913;0.12023;0.00458000000000003
871;448.5;;546.5;;26.01180315;Al0.09761Co0.02560Cr0.00691Hf0.00067Mo0.00574Ni0.78793Ta0.01462Ti0.03977W0.02116;-0.17628;0
1040;137.2;;550.3;;29.85840716;Al0.12526B0.00127C0.00339Co0.01041Cr0.07824Hf0.00074Mo0.00502Nb0.00600Ni0.70406Re0.00434Ta0.03193W0.02935;0.1339;0.00466
1040;137.2;;555.5;;29.86377018;Al0.11821B0.00116C0.00366Co0.01065Cr0.08573Hf0.00088Mo0.00543Nb0.00541Ni0.70314Re0.00479Ta0.03088W0.03005;0.1422;0.00482000000000005
1100;120.0;;572.0;;31.24590475;Al0.13471Co0.05122Cr0.04596Hf0.00035Nb0.00338Ni0.69533Re0.01959Ta0.02606W0.02326Y0.00014;0.047786;0
1040;137.2;;580.9;;29.88926511;Al0.11089B0.00140C0.00325Co0.01047Cr0.09437Hf0.00074Mo0.00578Nb0.00549Ni0.70179Re0.00531Ta0.02847W0.03204;0.14433;0.00465000000000004
1100;120.0;;583.0;;31.25726293;Al0.13005Co0.06967Cr0.02221Hf0.00072Nb0.00207Ni0.69843Re0.02481Ta0.03368W0.01815Y0.00022;0.0051869;0
1100;120.0;;584.0;;31.25828484;Al0.12609Co0.04846Cr0.03662Hf0.00036Nb0.00205Ni0.71481Re0.02045Ta0.03017W0.02071Y0.00029;0.027678;0
1040;137.2;;588.8;;29.89696772;Al0.11893B0.00128C0.00313Co0.01074Cr0.08836Hf0.00088Mo0.00268Nb0.00573Ni0.70254Re0.00485Ta0.03020W0.03068;0.13063;0.00441000000000003
1150;90.0;;590.0;;32.40292241;Al0.13005Co0.06967Cr0.02221Hf0.00072Nb0.00207Ni0.69843Re0.02481Ta0.03368W0.01815Y0.00022;0.0051869;0
1100;120.0;;592.0;;31.2663977;Al0.12258Co0.04334Cr0.02947Hf0.00036Nb0.00206Ni0.72889Re0.02229Ta0.03176W0.01910Y0.00014;0.0151;0
1150;90.0;;593.0;;32.40605683;Al0.13471Co0.05122Cr0.04596Hf0.00035Nb0.00338Ni0.69533Re0.01959Ta0.02606W0.02326Y0.00014;0.047786;0
1040;137.2;;610.1;;29.91723155;Al0.11499B0.00188C0.00401Co0.01256Cr0.08565Hf0.00073Mo0.00534Nb0.00285Ni0.70936Re0.00477Ta0.02972Ti0.00490W0.02325;0.087677;0.00588999999999995
1040;137.2;;611.1;;29.91816543;Al0.11797B0.00122C0.00366Co0.01065Cr0.08670Hf0.00088Mo0.00543Nb0.00574Ni0.70213Re0.00482Ta0.03088W0.02992;0.13958;0.00488
1150;90.0;;623.0;;32.43655649;Al0.12609Co0.04846Cr0.03662Hf0.00036Nb0.00205Ni0.71481Re0.02045Ta0.03017W0.02071Y0.00029;0.027678;0
1150;90.0;;650.0;;32.46277571;Al0.12258Co0.04334Cr0.02947Hf0.00036Nb0.00206Ni0.72889Re0.02229Ta0.03176W0.01910Y0.00014;0.0151;0
1040;137.2;;665.1;;29.96645056;Al0.11804B0.00145C0.00335Co0.01055Cr0.08638Hf0.00099Mo0.00543Nb0.00575Ni0.70232Re0.00482Ta0.03020W0.03072;0.13249;0.00480000000000003
760;759.0;;697.6;;23.59744549;Al0.09092Co0.05015Cr0.12051Mo0.00567Ni0.65195Ta0.01444Ti0.04545W0.02090;-0.22943;0
850;500.0;;805.0;;25.72320877;Al0.13896Co0.08209Cr0.08141Hf0.00068Mo0.01261Ni0.63468Re0.00974Ta0.02339W0.01645;0.10958;0
1037;103.5;;816.5;;30.01466261;Al0.12353Cr0.11790Ni0.71390Ta0.02039W0.02428;0.17981;0
950;240.0;;837.0;;28.03449324;Al0.13896Co0.08209Cr0.08141Hf0.00068Mo0.01261Ni0.63468Re0.00974Ta0.02339W0.01645;0.10958;0
950;250.0;;847.0;;28.04080141;Al0.12436B0.00025C0.00112Co0.08282Cr0.07157Hf0.00051Mo0.00318Ni0.65612Re0.00885Ta0.02427Ti0.00637W0.02057;0.029509;0.00136999999999998
950;250.0;;880.0;;28.06110231;Al0.12717B0.00031C0.00128Co0.09877Cr0.07660Hf0.00069Mo0.00383Ni0.62709Re0.00987Ta0.02540Ti0.00768W0.02133;0.019956;0.00158999999999998
950;250.0;;895.0;;28.07007957;Al0.13196B0.00037C0.00153Co0.10417Cr0.08029Hf0.00086Mo0.00448Ni0.60575Re0.01055Ta0.02646Ti0.01154W0.02204;-0.014836;0.00190000000000001
850;500.0;;917.0;;25.78674076;Al0.12587Co0.09262Cr0.07581Hf0.00034Mo0.00379Ni0.63754Re0.00977Ta0.02179Ti0.01267W0.01979;-0.029938;0
950;250.0;;918.0;;28.0835566;Al0.12865B0.00028C0.00127Co0.09817Cr0.07613Hf0.00068Mo0.00381Ni0.62949Re0.00981Ta0.02255Ti0.00763W0.02153;0.038561;0.00155000000000005
950;250.0;;947.0;;28.10007602;Al0.12789B0.00029C0.00128Co0.09933Cr0.07703Hf0.00069Mo0.00385Ni0.62227Re0.00993Ta0.02792Ti0.00772W0.02179;0.008172;0.00156999999999996
950;240.0;;953.0;;28.10343062;Al0.12587Co0.09262Cr0.07581Hf0.00034Mo0.00379Ni0.63754Re0.00977Ta0.02179Ti0.01267W0.01979;-0.029938;0
950;250.0;;1018.0;;28.13847553;Al0.12705C0.00152Co0.09987Cr0.07468Hf0.00034Mo0.00379Ni0.62770Re0.00945Ta0.02180Ti0.01268W0.02112;-0.0034141;0.00151999999999997
1050;140.0;;1423.0;;30.63169008;Al0.11443Co0.03419Cr0.01750Hf0.00036Nb0.00140Ni0.75197Re0.02618Ta0.03592W0.01768Y0.00037;0.0065598;0
1050;140.0;;1469.0;;30.64996984;Al0.12886Co0.08597Cr0.05359Hf0.00035Nb0.00068Ni0.65821Re0.01633Ta0.03010W0.02584Y0.00007;0.066404;0
1050;140.0;;1592.0;;30.69617067;Al0.13471Co0.05122Cr0.04596Hf0.00035Nb0.00338Ni0.69533Re0.01959Ta0.02606W0.02326Y0.00014;0.047786;0
1050;140.0;;1648.0;;30.71603439;Al0.13005Co0.06967Cr0.02221Hf0.00072Nb0.00207Ni0.69843Re0.02481Ta0.03368W0.01815Y0.00022;0.0051869;0
1040;137.31;;1707.0;;30.50392261;Al0.12538Co0.07907Cr0.06752Ni0.65145Ta0.01199W0.06458;0.29265;0
1040;137.31;;1751.0;;30.51843471;Al0.12289Co0.08115Cr0.06745Ni0.65295Ta0.01797W0.05758;0.23496;0
1050;140.0;;1752.0;;30.75119562;Al0.12609Co0.04846Cr0.03662Hf0.00036Nb0.00205Ni0.71481Re0.02045Ta0.03017W0.02071Y0.00029;0.027678;0
1050;140.0;;1803.0;;30.76768235;Al0.12258Co0.04334Cr0.02947Hf0.00036Nb0.00206Ni0.72889Re0.02229Ta0.03176W0.01910Y0.00014;0.0151;0
1040;137.31;;1827.0;;30.54266271;Al0.12204Cr0.10993Ni0.70291Ta0.03571W0.02940;0.14655;0
1040;137.31;;1920.0;;30.57097451;Al0.12157Cr0.08007Ni0.72760Ta0.02684W0.04392;0.20288;0
950;200.0;;1990.0;;28.49449731;Al0.11969B0.00025C0.00112Co0.08065Cr0.06797Hf0.00051Mo0.00318Ni0.66989Re0.00818Ta0.02357Ti0.00509W0.01989;0.040063;0.00136999999999998
950;200.0;;2138.0;;28.53259942;Al0.12436B0.00025C0.00112Co0.08282Cr0.07157Hf0.00051Mo0.00318Ni0.65612Re0.00885Ta0.02427Ti0.00637W0.02057;0.029509;0.00136999999999998
950;200.0;;2203.0;;28.54850673;Al0.12865B0.00028C0.00127Co0.09817Cr0.07613Hf0.00068Mo0.00381Ni0.62949Re0.00981Ta0.02255Ti0.00763W0.02153;0.038561;0.00155000000000005
950;200.0;;2250.0;;28.55971922;Al0.13611B0.00037C0.00153Co0.10386Cr0.08240Hf0.00086Mo0.00447Ni0.59874Re0.01052Ta0.02638Ti0.01279W0.02197;-0.021674;0.00190000000000001
950;200.0;;2280.0;;28.56675432;Al0.12789B0.00029C0.00128Co0.09933Cr0.07703Hf0.00069Mo0.00385Ni0.62227Re0.00993Ta0.02792Ti0.00772W0.02179;0.008172;0.00156999999999996
950;200.0;;2388.0;;28.59133598;Al0.12717B0.00031C0.00128Co0.09877Cr0.07660Hf0.00069Mo0.00383Ni0.62709Re0.00987Ta0.02540Ti0.00768W0.02133;0.019956;0.00158999999999998
950;190.0;;2438.0;;28.60234222;Al0.12705C0.00152Co0.09987Cr0.07468Hf0.00034Mo0.00379Ni0.62770Re0.00945Ta0.02180Ti0.01268W0.02112;-0.0034141;0.00151999999999997
950;200.0;;2467.0;;28.60862287;Al0.13196B0.00037C0.00153Co0.10417Cr0.08029Hf0.00086Mo0.00448Ni0.60575Re0.01055Ta0.02646Ti0.01154W0.02204;-0.014836;0.00190000000000001
850;500.0;;2537.0;;26.28305188;Al0.11443Co0.03419Cr0.01750Hf0.00036Nb0.00140Ni0.75197Re0.02618Ta0.03592W0.01768Y0.00037;0.0065598;0
850;500.0;;2568.0;;26.28897521;Al0.12886Co0.08597Cr0.05359Hf0.00035Nb0.00068Ni0.65821Re0.01633Ta0.03010W0.02584Y0.00007;0.066404;0
850;500.0;;2696.0;;26.31269843;Al0.13471Co0.05122Cr0.04596Hf0.00035Nb0.00338Ni0.69533Re0.01959Ta0.02606W0.02326Y0.00014;0.047786;0
850;500.0;;2721.0;;26.31720015;Al0.13005Co0.06967Cr0.02221Hf0.00072Nb0.00207Ni0.69843Re0.02481Ta0.03368W0.01815Y0.00022;0.0051869;0
850;500.0;;3054.0;;26.37350792;Al0.12609Co0.04846Cr0.03662Hf0.00036Nb0.00205Ni0.71481Re0.02045Ta0.03017W0.02071Y0.00029;0.027678;0
850;500.0;;3243.0;;26.40279342;Al0.12258Co0.04334Cr0.02947Hf0.00036Nb0.00206Ni0.72889Re0.02229Ta0.03176W0.01910Y0.00014;0.0151;0
950;240.0;;3427.0;;28.78319995;Al0.11443Co0.03419Cr0.01750Hf0.00036Nb0.00140Ni0.75197Re0.02618Ta0.03592W0.01768Y0.00037;0.0065598;0
950;240.0;;3468.0;;28.78951673;Al0.12886Co0.08597Cr0.05359Hf0.00035Nb0.00068Ni0.65821Re0.01633Ta0.03010W0.02584Y0.00007;0.066404;0
950;165.0;;3690.0;;28.82247325;Al0.11969B0.00025C0.00112Co0.08065Cr0.06797Hf0.00051Mo0.00318Ni0.66989Re0.00818Ta0.02357Ti0.00509W0.01989;0.040063;0.00136999999999998
950;240.0;;3721.0;;28.82691678;Al0.13471Co0.05122Cr0.04596Hf0.00035Nb0.00338Ni0.69533Re0.01959Ta0.02606W0.02326Y0.00014;0.047786;0
950;240.0;;3764.0;;28.83301948;Al0.13005Co0.06967Cr0.02221Hf0.00072Nb0.00207Ni0.69843Re0.02481Ta0.03368W0.01815Y0.00022;0.0051869;0
950;240.0;;3825.0;;28.84155825;Al0.12609Co0.04846Cr0.03662Hf0.00036Nb0.00205Ni0.71481Re0.02045Ta0.03017W0.02071Y0.00029;0.027678;0
950;240.0;;3917.0;;28.85418222;Al0.12258Co0.04334Cr0.02947Hf0.00036Nb0.00206Ni0.72889Re0.02229Ta0.03176W0.01910Y0.00014;0.0151;0
950;165.0;;4430.0;;28.91955176;Al0.13611B0.00037C0.00153Co0.10386Cr0.08240Hf0.00086Mo0.00447Ni0.59874Re0.01052Ta0.02638Ti0.01279W0.02197;-0.021674;0.00190000000000001
950;165.0;;4760.0;;28.9577133;Al0.12705C0.00152Co0.09987Cr0.07468Hf0.00034Mo0.00379Ni0.62770Re0.00945Ta0.02180Ti0.01268W0.02112;-0.0034141;0.00151999999999997
950;165.0;;5040.0;;28.98807255;Al0.12789B0.00029C0.00128Co0.09933Cr0.07703Hf0.00069Mo0.00385Ni0.62227Re0.00993Ta0.02792Ti0.00772W0.02179;0.008172;0.00156999999999996
950;165.0;;5180.0;;29.0026253;Al0.12865B0.00028C0.00127Co0.09817Cr0.07613Hf0.00068Mo0.00381Ni0.62949Re0.00981Ta0.02255Ti0.00763W0.02153;0.038561;0.00155000000000005
950;165.0;;6050.0;;29.08508682;Al0.12436B0.00025C0.00112Co0.08282Cr0.07157Hf0.00051Mo0.00318Ni0.65612Re0.00885Ta0.02427Ti0.00637W0.02057;0.029509;0.00136999999999998
950;165.0;;6815.0;;29.14832875;Al0.12717B0.00031C0.00128Co0.09877Cr0.07660Hf0.00069Mo0.00383Ni0.62709Re0.00987Ta0.02540Ti0.00768W0.02133;0.019956;0.00158999999999998
