;Ag;Al;As;Au;Bi;Cd;Co;Cr;Cu;Fe;Ga;Ge;Hf;Hg;In;Ir;Mg;Mn;Mo;Nb;Ni;Pb;Pd;Pt;Re;Rh;Ru;Sb;Sc;Si;Sn;Ta;Te;Ti;V;W;Y;Zn;Zr
Ag;0.2367616807;0;2.114610746e-07;0.0001132325434;1.146527175e-08;9.603300875e-07;1.258121721e-06;0;0.0002938917086;0;3.045292971e-10;2.407390072e-06;0;3.767003817e-08;1.7730372e-06;0;0;0;3.873387669e-06;1.438060301e-12;0;4.378328052e-07;0;0;2.395360778e-08;0;0;0.0004862681308;9.120960555e-12;0;4.078009822e-08;6.67912861e-11;5.362993514e-08;0;0;3.358854314e-11;9.811622553e-16;0.0003521224004;0
Al;0;0.9981957783;0;0;0;0;0;0;0;0;0.001043824542;0;0;0;0;0;0;0;0;0;0;0;0;0;0;0;0;0;0;0;0;0;0;0;8.998242065e-05;0;0;0;0
As;0;0;0.082;0;0;0;0;0;0;0;0;0;0;0;0;0;0;0;0;0;0;0;0;0;0;0;0;0;0;0;0;0;0;0;0;0;0;0;0
Au;0.0008997854832;0;2.392467424e-05;0.8478874932;5.085033163e-10;1.794823358e-07;6.736358727e-09;0;1.573583814e-06;0;5.691546092e-11;4.499327876e-07;0;1.412553864e-08;3.199641836e-07;0;0;0;2.07392722e-08;2.351143286e-13;0;5.109722004e-08;0;0;1.282547564e-10;0;0;2.017229458e-05;4.883634168e-14;0;6.667304152e-09;1.091997907e-11;3.240136896e-10;0;0;5.491527557e-12;1.604142085e-16;6.581044552e-05;0
Bi;0;0;0;0;0.09863767357;0;0;0;0;0;0;0;0;0;0;0;0;0;0;0;0;0;0;0;0;0;0;0;0;0;0;0;6.811632172e-05;0;0;0;0;0;0
Cd;0;0;0;0;0;0;0;0;0;0;0;0;0;0;0;0;0;0;0;0;0;0;0;0;0;0;0;0;0;0;0;0;0;0;0;0;0;0;0
Co;0;0;0.0001139280121;0;0;0;0.1492499624;0;0;0;0;0;0;0;0;0;0;0;0;0;0;0;0;0;0;0;0;0;1.082012175e-06;0;0;0;0;0;0;0;0;0;0
Cr;0;0;0;0;0;0;0;0.98;0;0;0;0;0;0;0;0;0;0;0;0;0;0;0;0;0;0;0;0;0;0;0;0;0;0;0;0;0;0;0
Cu;0.004680156875;0;5.099801456e-05;0.0109180548;1.164566338e-05;7.426747286e-07;0.003282597037;0;0.7668002513;0;2.355088277e-10;1.861763774e-06;0;2.117864144e-08;6.596759076e-06;0;0;0;0.01010615322;3.298365476e-11;0;8.046411961e-05;0;0;6.249796075e-05;0;0;2.484898967e-05;2.379772767e-08;0;9.353409451e-07;1.531939044e-09;0.0001364606457;0;0;7.70393919e-10;2.25041447e-14;0.0002723151253;0
Fe;0;0;0;0;0;0;0;0;0;0.9959268238;0;0;0;0;0;0;0;3.345741337e-07;0;0;0;0;0;0;0;0;0;0;2.18588434e-07;0;0;0;0;0;0.002376355252;0;5.671074352e-05;0;0
Ga;0;0;0;0;0;0;0;0;0;0;0;0;0;0;0;0;0;0;0;0;0;0;0;0;0;0;0;0;0;0;0;0;0;0;0;0;0;0;0
Ge;0;0;0;0;0;0;0;0;0;0;0;0;0;0;0;0;0;0;0;0;0;0;0;0;0;0;0;0;0;0;0;0;0;0;0;0;0;0;0
Hf;0;0;0;0;0;0;0;0;0;0;0;0;0;0;0;0;0;0;0;0;0;0;0;0;0;0;0;0;0;0;0;0;0;0;0;0;0;0;0
Hg;0;0;0;0;0;0;0;0;0;0;0;0;0;0.9;0;0;0;0;0;0;0;0;0;0;0;0;0;0;0;0;0;0;0;0;0;0;0;0;0
In;0;0;0;0;0;0;0;0;0;0;0;0;0;0;0;0;0;0;0;0;0;0;0;0;0;0;0;0;0;0;0;0;0;0;0;0;0;0;0
Ir;0;0;0;0;0;0;0;0;0;0;0;0;0;0;0;0;0;0;0;0;0;0;0;0;0;0;0;0;0;0;0;0;0;0;0;0;0;0;0
Mg;0;0;0;0;0;0;0;0;0;0;0;0;0;0;0;0;1;0;0;0;0;0;0;0;0;0;0;0;0;0;0;0;0;0;0;0;0;0;0
Mn;0;0;0;0;0;0;0;0;0;0;0;0;0;0;0;0;0;0.97;0;0;0;0;0;0;0;0;0;0;0;0;0;0;0;0;0;0;0;0;0
Mo;0;0;0;0;1.362918414e-05;0;0;0;0;0;0;0;0;0;0;0;0;0;0.5383773164;0;0;0;0;0;0.0009340971388;0;0;0;0;0;0;0;9.411919992e-09;0;0;0;0;0;0
Nb;0;0;1.194142517e-09;0;3.262786292e-10;0;0;0;0;0;0;0;0;0;1.031120493e-09;0;0;0;0;0.9458454203;0;0;0;0;0;0;0;2.249619457e-09;0;0;1.504857288e-06;0.004295553077;2.253185753e-13;0;0;1.239476268e-09;3.620661144e-14;0;0
Ni;3.487989436e-05;0;1.9047777e-05;0.0001020373046;8.572251004e-08;5.543365085e-09;0.01973708426;4.613265681e-05;0.005643495299;0;1.757850863e-12;1.389630737e-08;0;1.595514861e-10;4.88572217e-08;0.0004512938115;0;0;7.437925081e-05;2.433336096e-13;0.7179191784;5.926051047e-07;0.03315608319;0.001416057969;4.599723945e-07;0.004295201156;0.0002235658407;1.876519727e-07;1.228412336e-06;0;6.900384145e-09;1.130172687e-11;1.004325983e-06;0;0;5.68350398e-12;1.660220736e-16;2.032575096e-06;0
Pb;0.03586990146;0;0.0003447907953;7.428455679e-05;0.002752415508;1.168004028e-06;7.462078029e-06;0;0.001743108656;0;3.703845691e-10;2.92799459e-06;0;2.215697267e-07;2.266783572e-06;0;0;0;2.297354902e-05;2.093726011e-12;0;0.4583439011;0;0;1.420718579e-07;0;0;0.01514608602;5.409756324e-11;0;5.937327687e-08;9.72439424e-11;2.003812255e-05;0;0;4.890282168e-11;1.428510984e-15;0.0004282698078;0
Pd;0;0;0;0;0;0;0;0;0;0;0;0;0;0;0;0;0;0;0;0;0;0;0.03;0;0;0;0;0;0;0;0;0;0;0;0;0;0;0;0
Pt;6.167054072e-06;0;1.660248357e-07;0.0002282365163;1.098720689e-08;1.016018197e-09;3.965715381e-05;0.005055195349;0.0007202956454;0;3.221884967e-13;2.546991031e-09;0;3.593349375e-11;7.393572042e-09;0.02805996433;0;0;9.493239141e-06;3.319112993e-14;0.0008055731599;7.710761805e-08;0.05238822328;0.155170982;5.870760853e-08;0.1071812815;0.01390058839;4.442233548e-08;1.714909857e-09;0;9.41224466e-10;1.541575311e-12;1.281963564e-07;0;0;7.752398832e-13;2.264570121e-17;3.725414531e-07;0
Re;0;0;0;0;0;0;0;0;0;0;0;0;0;0;0;0;0;0;0;0;0;0;0;0;0;0;0;0;0;0;0;0;0;0;0;0;0;0;0
Rh;0;0;0;0;0;0;0;0;0;0;0;0;0;0;0;0;0;0;0;0;0;0;0;0;0;0;0;0;0;0;0;0;0;0;0;0;0;0;0
Ru;0;0;0;0;0;0;0;0;0;0;0;0;0;0;0;0;0;0;0;0;0;0;0;0;0;0;0;0;0;0;0;0;0;0;0;0;0;0;0
Sb;0;0;0;0;0;0;0;0;0;0;0;0;0;0;0;0;0;0;0;0;0;0;0;0;0;0;0;0.2;0;0;0;0;0;0;0;0;0;0;0
Sc;0;0;0;0;0;0;0;0;0;0;0;0;0;0;0;0;0;0;0;0;0;0;0;0;0;0;0;0;0;0;0;0;0;0;0;0;0;0;0
Si;0;0;0;0;0;0;0;0;0;0;0;0;0;0;0;0;0;0;0;0;0;0;0;0;0;0;0;0;0;1;0;0;0;0;0;0;0;0;0
Sn;0;0;0.0007268448057;0;0.0001985976744;0;0;0;0;0;0;0;0;0;0.00062761736;0;0;0;0;3.2300532e-05;0;0;0;0;0;0;0;0.001369287328;0;0;0.9159691473;0.001500211134;1.371458044e-07;0;0;0.0007544383305;2.203806252e-08;0;0
Ta;0;0;1.805727105e-07;0;4.93383458e-08;0;0;0;0;0;0;0;0;0;1.559212736e-07;0;0;0;0;0.0002445043753;0;0;0;0;0;0;0;3.401770534e-07;0;0;0.0002275575616;0.6495536763;3.407163322e-11;0;0;1.874278706e-07;5.474996384e-12;0;0
Te;0;0;0;0;0;0;0;0;0;0;0;0;0;0;0;0;0;0;0;0;0;0;0;0;0;0;0;0;0;0;0;0;0;0;0;0;0;0;0
Ti;0;0;0;0;0;0;0;0;0;0;0;0;0.01124910847;0;0;0;0;0;0;0;0;0;0;0;0;0;0;0;5.689871639e-06;0;0;0;0;0.006488195466;0;0;4.862038547e-07;0;0.9821802235
V;0;0;0;0;0;0;0;0;0;0;0;0;0;0;0;0;0;0;0;0;0;0;0;0;0;0;0;0;0;0;0;0;0;0;0.25;0;0;0;0
W;0;0;0;0;0.001123709477;0;0;0;0;0;0;0;0;0;0;0;0;0;0;0;0;0;0;0;0;0;0;0.007747729935;0;0;0;0;7.760012322e-07;0;0;0.8769968468;0;0;0
Y;0;0;0;0;0;0;0;0;0;0;0;0;0;0;0;0;0;0;0;0;0;0;0;0;0;0;0;0;0;0;0;0;0;0;0;0;0.7266619397;0;0
Zn;0.01663848914;0;0.0001588615964;0.0007367069317;3.604340428e-06;0.001836295708;3.287827412e-06;0;0.000768022044;0;5.82305864e-07;0.004603292258;0;9.91532338e-08;0.00325517366;0;0;0;1.012225602e-05;2.352765054e-09;0;0.0004795110778;0;0;6.259754281e-08;0;0;9.831592766e-05;2.383564614e-11;0;6.671903116e-05;1.092751144e-07;2.48058793e-07;0;0;5.495315495e-08;1.605248588e-12;0.6733110427;0
Zr;0;0;0;0;0;0;0;0;0;0;0;0;0;0;0;0;0;0;0;0;0;0;0;0;0;0;0;0;0;0;0;0;0;0;0;0;0;0;0
